SGD, 1, -1, 1, -1, 128, 128, 128, 128, 0.2, 0.002, 0.002, 12.5, 12.5, 9, 9, 1, 125, 1, 1, 0, 1, 49.54
SGD, 1, -1, 1, -1, 128, 128, 128, 128, 0.2, 0.002, 0.002, 12.5, 12.5, 9, 9, 1, 125, 1, 1, 0, 2, 56.54
SGD, 1, -1, 1, -1, 128, 128, 128, 128, 0.2, 0.002, 0.002, 12.5, 12.5, 9, 9, 1, 125, 1, 1, 0, 3, 68.74
SGD, 1, -1, 1, -1, 128, 128, 128, 128, 0.2, 0.002, 0.002, 12.5, 12.5, 9, 9, 1, 125, 1, 1, 0, 4, 77.55
SGD, 1, -1, 1, -1, 128, 128, 128, 128, 0.2, 0.002, 0.002, 12.5, 12.5, 9, 9, 1, 125, 1, 1, 0, 5, 78.6
SGD, 1, -1, 1, -1, 128, 128, 128, 128, 0.2, 0.002, 0.002, 12.5, 12.5, 9, 9, 1, 125, 1, 1, 0, 6, 87.33
SGD, 1, -1, 1, -1, 128, 128, 128, 128, 0.2, 0.002, 0.002, 12.5, 12.5, 9, 9, 1, 125, 1, 1, 0, 7, 89.27
SGD, 1, -1, 1, -1, 128, 128, 128, 128, 0.2, 0.002, 0.002, 12.5, 12.5, 9, 9, 1, 125, 1, 1, 0, 8, 89.89
SGD, 1, -1, 1, -1, 128, 128, 128, 128, 0.2, 0.002, 0.002, 12.5, 12.5, 9, 9, 1, 125, 1, 1, 0, 9, 90.73
SGD, 1, -1, 1, -1, 128, 128, 128, 128, 0.2, 0.002, 0.002, 12.5, 12.5, 9, 9, 1, 125, 1, 1, 0, 10, 90.17
SGD, 1, -1, 1, -1, 128, 128, 128, 128, 0.2, 0.002, 0.002, 12.5, 12.5, 9, 9, 1, 125, 1, 1, 0, 11, 90.54
SGD, 1, -1, 1, -1, 128, 128, 128, 128, 0.2, 0.002, 0.002, 12.5, 12.5, 9, 9, 1, 125, 1, 1, 0, 12, 91.45
SGD, 1, -1, 1, -1, 128, 128, 128, 128, 0.2, 0.002, 0.002, 12.5, 12.5, 9, 9, 1, 125, 1, 1, 0, 13, 91.29
SGD, 1, -1, 1, -1, 128, 128, 128, 128, 0.2, 0.002, 0.002, 12.5, 12.5, 9, 9, 1, 125, 1, 1, 0, 14, 91.3
SGD, 1, -1, 1, -1, 128, 128, 128, 128, 0.2, 0.002, 0.002, 12.5, 12.5, 9, 9, 1, 125, 1, 1, 0, 15, 92.13
SGD, 1, -1, 1, -1, 128, 128, 128, 128, 0.2, 0.002, 0.002, 12.5, 12.5, 9, 9, 1, 125, 1, 1, 0, 16, 91.61
SGD, 1, -1, 1, -1, 128, 128, 128, 128, 0.2, 0.002, 0.002, 12.5, 12.5, 9, 9, 1, 125, 1, 1, 0, 17, 90.73
SGD, 1, -1, 1, -1, 128, 128, 128, 128, 0.2, 0.002, 0.002, 12.5, 12.5, 9, 9, 1, 125, 1, 1, 0, 18, 92.6
SGD, 1, -1, 1, -1, 128, 128, 128, 128, 0.2, 0.002, 0.002, 12.5, 12.5, 9, 9, 1, 125, 1, 1, 0, 19, 92.09
SGD, 1, -1, 1, -1, 128, 128, 128, 128, 0.2, 0.002, 0.002, 12.5, 12.5, 9, 9, 1, 125, 1, 1, 0, 20, 91.86
SGD, 1, -1, 1, -1, 128, 128, 128, 128, 0.2, 0.002, 0.002, 12.5, 12.5, 9, 9, 1, 125, 1, 1, 0, 21, 92.52
SGD, 1, -1, 1, -1, 128, 128, 128, 128, 0.2, 0.002, 0.002, 12.5, 12.5, 9, 9, 1, 125, 1, 1, 0, 22, 92.22
SGD, 1, -1, 1, -1, 128, 128, 128, 128, 0.2, 0.002, 0.002, 12.5, 12.5, 9, 9, 1, 125, 1, 1, 0, 23, 92.59
SGD, 1, -1, 1, -1, 128, 128, 128, 128, 0.2, 0.002, 0.002, 12.5, 12.5, 9, 9, 1, 125, 1, 1, 0, 24, 92.01
SGD, 1, -1, 1, -1, 128, 128, 128, 128, 0.2, 0.002, 0.002, 12.5, 12.5, 9, 9, 1, 125, 1, 1, 0, 25, 91.78
SGD, 1, -1, 1, -1, 128, 128, 128, 128, 0.2, 0.002, 0.002, 12.5, 12.5, 9, 9, 1, 125, 1, 1, 0, 26, 91.93
SGD, 1, -1, 1, -1, 128, 128, 128, 128, 0.2, 0.002, 0.002, 12.5, 12.5, 9, 9, 1, 125, 1, 1, 0, 27, 92.34
SGD, 1, -1, 1, -1, 128, 128, 128, 128, 0.2, 0.002, 0.002, 12.5, 12.5, 9, 9, 1, 125, 1, 1, 0, 28, 92.1
SGD, 1, -1, 1, -1, 128, 128, 128, 128, 0.2, 0.002, 0.002, 12.5, 12.5, 9, 9, 1, 125, 1, 1, 0, 29, 92.85
SGD, 1, -1, 1, -1, 128, 128, 128, 128, 0.2, 0.002, 0.002, 12.5, 12.5, 9, 9, 1, 125, 1, 1, 0, 30, 92.63
SGD, 1, -1, 1, -1, 128, 128, 128, 128, 0.2, 0.002, 0.002, 12.5, 12.5, 9, 9, 1, 125, 1, 1, 0, 31, 92.81
SGD, 1, -1, 1, -1, 128, 128, 128, 128, 0.2, 0.002, 0.002, 12.5, 12.5, 9, 9, 1, 125, 1, 1, 0, 32, 92.45
SGD, 1, -1, 1, -1, 128, 128, 128, 128, 0.2, 0.002, 0.002, 12.5, 12.5, 9, 9, 1, 125, 1, 1, 0, 33, 93.14
SGD, 1, -1, 1, -1, 128, 128, 128, 128, 0.2, 0.002, 0.002, 12.5, 12.5, 9, 9, 1, 125, 1, 1, 0, 34, 92.89
SGD, 1, -1, 1, -1, 128, 128, 128, 128, 0.2, 0.002, 0.002, 12.5, 12.5, 9, 9, 1, 125, 1, 1, 0, 35, 93.46
SGD, 1, -1, 1, -1, 128, 128, 128, 128, 0.2, 0.002, 0.002, 12.5, 12.5, 9, 9, 1, 125, 1, 1, 0, 36, 92.36
SGD, 1, -1, 1, -1, 128, 128, 128, 128, 0.2, 0.002, 0.002, 12.5, 12.5, 9, 9, 1, 125, 1, 1, 0, 37, 92.48
SGD, 1, -1, 1, -1, 128, 128, 128, 128, 0.2, 0.002, 0.002, 12.5, 12.5, 9, 9, 1, 125, 1, 1, 0, 38, 93.25
SGD, 1, -1, 1, -1, 128, 128, 128, 128, 0.2, 0.002, 0.002, 12.5, 12.5, 9, 9, 1, 125, 1, 1, 0, 39, 92.75
SGD, 1, -1, 1, -1, 128, 128, 128, 128, 0.2, 0.002, 0.002, 12.5, 12.5, 9, 9, 1, 125, 1, 1, 0, 40, 93.08
SGD, 1, -1, 1, -1, 128, 128, 128, 128, 0.2, 0.002, 0.002, 12.5, 12.5, 9, 9, 1, 125, 1, 1, 0, 41, 92.83
SGD, 1, -1, 1, -1, 128, 128, 128, 128, 0.2, 0.002, 0.002, 12.5, 12.5, 9, 9, 1, 125, 1, 1, 0, 42, 93.04
SGD, 1, -1, 1, -1, 128, 128, 128, 128, 0.2, 0.002, 0.002, 12.5, 12.5, 9, 9, 1, 125, 1, 1, 0, 43, 93.21
SGD, 1, -1, 1, -1, 128, 128, 128, 128, 0.2, 0.002, 0.002, 12.5, 12.5, 9, 9, 1, 125, 1, 1, 0, 44, 93.15
SGD, 1, -1, 1, -1, 128, 128, 128, 128, 0.2, 0.002, 0.002, 12.5, 12.5, 9, 9, 1, 125, 1, 1, 0, 45, 93.16
SGD, 1, -1, 1, -1, 128, 128, 128, 128, 0.2, 0.002, 0.002, 12.5, 12.5, 9, 9, 1, 125, 1, 1, 0, 46, 93.35
SGD, 1, -1, 1, -1, 128, 128, 128, 128, 0.2, 0.002, 0.002, 12.5, 12.5, 9, 9, 1, 125, 1, 1, 0, 47, 93.52
SGD, 1, -1, 1, -1, 128, 128, 128, 128, 0.2, 0.002, 0.002, 12.5, 12.5, 9, 9, 1, 125, 1, 1, 0, 48, 93.11
SGD, 1, -1, 1, -1, 128, 128, 128, 128, 0.2, 0.002, 0.002, 12.5, 12.5, 9, 9, 1, 125, 1, 1, 0, 49, 92.77
SGD, 1, -1, 1, -1, 128, 128, 128, 128, 0.2, 0.002, 0.002, 12.5, 12.5, 9, 9, 1, 125, 1, 1, 0, 50, 93.28
SGD, 1, -1, 1, -1, 128, 128, 128, 128, 0.2, 0.002, 0.002, 12.5, 12.5, 9, 9, 1, 125, 1, 1, 0, 51, 93.13
SGD, 1, -1, 1, -1, 128, 128, 128, 128, 0.2, 0.002, 0.002, 12.5, 12.5, 9, 9, 1, 125, 1, 1, 0, 52, 93.18
SGD, 1, -1, 1, -1, 128, 128, 128, 128, 0.2, 0.002, 0.002, 12.5, 12.5, 9, 9, 1, 125, 1, 1, 0, 53, 93.44
SGD, 1, -1, 1, -1, 128, 128, 128, 128, 0.2, 0.002, 0.002, 12.5, 12.5, 9, 9, 1, 125, 1, 1, 0, 54, 93.81
SGD, 1, -1, 1, -1, 128, 128, 128, 128, 0.2, 0.002, 0.002, 12.5, 12.5, 9, 9, 1, 125, 1, 1, 0, 55, 93.08
SGD, 1, -1, 1, -1, 128, 128, 128, 128, 0.2, 0.002, 0.002, 12.5, 12.5, 9, 9, 1, 125, 1, 1, 0, 56, 93.53
SGD, 1, -1, 1, -1, 128, 128, 128, 128, 0.2, 0.002, 0.002, 12.5, 12.5, 9, 9, 1, 125, 1, 1, 0, 57, 93.45
SGD, 1, -1, 1, -1, 128, 128, 128, 128, 0.2, 0.002, 0.002, 12.5, 12.5, 9, 9, 1, 125, 1, 1, 0, 58, 93.51
SGD, 1, -1, 1, -1, 128, 128, 128, 128, 0.2, 0.002, 0.002, 12.5, 12.5, 9, 9, 1, 125, 1, 1, 0, 59, 93.63
SGD, 1, -1, 1, -1, 128, 128, 128, 128, 0.2, 0.002, 0.002, 12.5, 12.5, 9, 9, 1, 125, 1, 1, 0, 60, 93.61
SGD, 1, -1, 1, -1, 128, 128, 128, 128, 0.2, 0.002, 0.002, 12.5, 12.5, 9, 9, 1, 125, 1, 1, 0, 61, 94.09
SGD, 1, -1, 1, -1, 128, 128, 128, 128, 0.2, 0.002, 0.002, 12.5, 12.5, 9, 9, 1, 125, 1, 1, 0, 62, 93.47
SGD, 1, -1, 1, -1, 128, 128, 128, 128, 0.2, 0.002, 0.002, 12.5, 12.5, 9, 9, 1, 125, 1, 1, 0, 63, 93.84
SGD, 1, -1, 1, -1, 128, 128, 128, 128, 0.2, 0.002, 0.002, 12.5, 12.5, 9, 9, 1, 125, 1, 1, 0, 64, 93.37
SGD, 1, -1, 1, -1, 128, 128, 128, 128, 0.2, 0.002, 0.002, 12.5, 12.5, 9, 9, 1, 125, 1, 1, 0, 65, 93.47
SGD, 1, -1, 1, -1, 128, 128, 128, 128, 0.2, 0.002, 0.002, 12.5, 12.5, 9, 9, 1, 125, 1, 1, 0, 66, 93.41
SGD, 1, -1, 1, -1, 128, 128, 128, 128, 0.2, 0.002, 0.002, 12.5, 12.5, 9, 9, 1, 125, 1, 1, 0, 67, 93.56
SGD, 1, -1, 1, -1, 128, 128, 128, 128, 0.2, 0.002, 0.002, 12.5, 12.5, 9, 9, 1, 125, 1, 1, 0, 68, 93.76
SGD, 1, -1, 1, -1, 128, 128, 128, 128, 0.2, 0.002, 0.002, 12.5, 12.5, 9, 9, 1, 125, 1, 1, 0, 69, 93
SGD, 1, -1, 1, -1, 128, 128, 128, 128, 0.2, 0.002, 0.002, 12.5, 12.5, 9, 9, 1, 125, 1, 1, 0, 70, 93.51
SGD, 1, -1, 1, -1, 128, 128, 128, 128, 0.2, 0.002, 0.002, 12.5, 12.5, 9, 9, 1, 125, 1, 1, 0, 71, 93.61
SGD, 1, -1, 1, -1, 128, 128, 128, 128, 0.2, 0.002, 0.002, 12.5, 12.5, 9, 9, 1, 125, 1, 1, 0, 72, 93.47
SGD, 1, -1, 1, -1, 128, 128, 128, 128, 0.2, 0.002, 0.002, 12.5, 12.5, 9, 9, 1, 125, 1, 1, 0, 73, 93.82
SGD, 1, -1, 1, -1, 128, 128, 128, 128, 0.2, 0.002, 0.002, 12.5, 12.5, 9, 9, 1, 125, 1, 1, 0, 74, 93.52
SGD, 1, -1, 1, -1, 128, 128, 128, 128, 0.2, 0.002, 0.002, 12.5, 12.5, 9, 9, 1, 125, 1, 1, 0, 75, 93.68
SGD, 1, -1, 1, -1, 128, 128, 128, 128, 0.2, 0.002, 0.002, 12.5, 12.5, 9, 9, 1, 125, 1, 1, 0, 76, 93.58
SGD, 1, -1, 1, -1, 128, 128, 128, 128, 0.2, 0.002, 0.002, 12.5, 12.5, 9, 9, 1, 125, 1, 1, 0, 77, 93
SGD, 1, -1, 1, -1, 128, 128, 128, 128, 0.2, 0.002, 0.002, 12.5, 12.5, 9, 9, 1, 125, 1, 1, 0, 78, 93.6
SGD, 1, -1, 1, -1, 128, 128, 128, 128, 0.2, 0.002, 0.002, 12.5, 12.5, 9, 9, 1, 125, 1, 1, 0, 79, 93.58
SGD, 1, -1, 1, -1, 128, 128, 128, 128, 0.2, 0.002, 0.002, 12.5, 12.5, 9, 9, 1, 125, 1, 1, 0, 80, 93.83
SGD, 1, -1, 1, -1, 128, 128, 128, 128, 0.2, 0.002, 0.002, 12.5, 12.5, 9, 9, 1, 125, 1, 1, 0, 81, 93.47
SGD, 1, -1, 1, -1, 128, 128, 128, 128, 0.2, 0.002, 0.002, 12.5, 12.5, 9, 9, 1, 125, 1, 1, 0, 82, 93.71
SGD, 1, -1, 1, -1, 128, 128, 128, 128, 0.2, 0.002, 0.002, 12.5, 12.5, 9, 9, 1, 125, 1, 1, 0, 83, 93.74
SGD, 1, -1, 1, -1, 128, 128, 128, 128, 0.2, 0.002, 0.002, 12.5, 12.5, 9, 9, 1, 125, 1, 1, 0, 84, 93.81
SGD, 1, -1, 1, -1, 128, 128, 128, 128, 0.2, 0.002, 0.002, 12.5, 12.5, 9, 9, 1, 125, 1, 1, 0, 85, 93.13
SGD, 1, -1, 1, -1, 128, 128, 128, 128, 0.2, 0.002, 0.002, 12.5, 12.5, 9, 9, 1, 125, 1, 1, 0, 86, 93.94
SGD, 1, -1, 1, -1, 128, 128, 128, 128, 0.2, 0.002, 0.002, 12.5, 12.5, 9, 9, 1, 125, 1, 1, 0, 87, 93.22
SGD, 1, -1, 1, -1, 128, 128, 128, 128, 0.2, 0.002, 0.002, 12.5, 12.5, 9, 9, 1, 125, 1, 1, 0, 88, 93.6
SGD, 1, -1, 1, -1, 128, 128, 128, 128, 0.2, 0.002, 0.002, 12.5, 12.5, 9, 9, 1, 125, 1, 1, 0, 89, 93.94
SGD, 1, -1, 1, -1, 128, 128, 128, 128, 0.2, 0.002, 0.002, 12.5, 12.5, 9, 9, 1, 125, 1, 1, 0, 90, 93.69
SGD, 1, -1, 1, -1, 128, 128, 128, 128, 0.2, 0.002, 0.002, 12.5, 12.5, 9, 9, 1, 125, 1, 1, 0, 91, 93.57
SGD, 1, -1, 1, -1, 128, 128, 128, 128, 0.2, 0.002, 0.002, 12.5, 12.5, 9, 9, 1, 125, 1, 1, 0, 92, 94.3
SGD, 1, -1, 1, -1, 128, 128, 128, 128, 0.2, 0.002, 0.002, 12.5, 12.5, 9, 9, 1, 125, 1, 1, 0, 93, 93.18
SGD, 1, -1, 1, -1, 128, 128, 128, 128, 0.2, 0.002, 0.002, 12.5, 12.5, 9, 9, 1, 125, 1, 1, 0, 94, 92.91
SGD, 1, -1, 1, -1, 128, 128, 128, 128, 0.2, 0.002, 0.002, 12.5, 12.5, 9, 9, 1, 125, 1, 1, 0, 95, 93.31
SGD, 1, -1, 1, -1, 128, 128, 128, 128, 0.2, 0.002, 0.002, 12.5, 12.5, 9, 9, 1, 125, 1, 1, 0, 96, 93.71
SGD, 1, -1, 1, -1, 128, 128, 128, 128, 0.2, 0.002, 0.002, 12.5, 12.5, 9, 9, 1, 125, 1, 1, 0, 97, 93.26
SGD, 1, -1, 1, -1, 128, 128, 128, 128, 0.2, 0.002, 0.002, 12.5, 12.5, 9, 9, 1, 125, 1, 1, 0, 98, 93.85
SGD, 1, -1, 1, -1, 128, 128, 128, 128, 0.2, 0.002, 0.002, 12.5, 12.5, 9, 9, 1, 125, 1, 1, 0, 99, 93.91
SGD, 1, -1, 1, -1, 128, 128, 128, 128, 0.2, 0.002, 0.002, 12.5, 12.5, 9, 9, 1, 125, 1, 1, 0, 100, 93.78
SGD, 1, -1, 1, -1, 128, 128, 128, 128, 0.2, 0.002, 0.002, 12.5, 12.5, 9, 9, 1, 125, 1, 1, 0, 101, 93.94
SGD, 1, -1, 1, -1, 128, 128, 128, 128, 0.2, 0.002, 0.002, 12.5, 12.5, 9, 9, 1, 125, 1, 1, 0, 102, 93.45
SGD, 1, -1, 1, -1, 128, 128, 128, 128, 0.2, 0.002, 0.002, 12.5, 12.5, 9, 9, 1, 125, 1, 1, 0, 103, 93.78
SGD, 1, -1, 1, -1, 128, 128, 128, 128, 0.2, 0.002, 0.002, 12.5, 12.5, 9, 9, 1, 125, 1, 1, 0, 104, 94.09
SGD, 1, -1, 1, -1, 128, 128, 128, 128, 0.2, 0.002, 0.002, 12.5, 12.5, 9, 9, 1, 125, 1, 1, 0, 105, 93.86
SGD, 1, -1, 1, -1, 128, 128, 128, 128, 0.2, 0.002, 0.002, 12.5, 12.5, 9, 9, 1, 125, 1, 1, 0, 106, 94.29
SGD, 1, -1, 1, -1, 128, 128, 128, 128, 0.2, 0.002, 0.002, 12.5, 12.5, 9, 9, 1, 125, 1, 1, 0, 107, 93.92
SGD, 1, -1, 1, -1, 128, 128, 128, 128, 0.2, 0.002, 0.002, 12.5, 12.5, 9, 9, 1, 125, 1, 1, 0, 108, 93.04
SGD, 1, -1, 1, -1, 128, 128, 128, 128, 0.2, 0.002, 0.002, 12.5, 12.5, 9, 9, 1, 125, 1, 1, 0, 109, 93.43
SGD, 1, -1, 1, -1, 128, 128, 128, 128, 0.2, 0.002, 0.002, 12.5, 12.5, 9, 9, 1, 125, 1, 1, 0, 110, 93.95
SGD, 1, -1, 1, -1, 128, 128, 128, 128, 0.2, 0.002, 0.002, 12.5, 12.5, 9, 9, 1, 125, 1, 1, 0, 111, 94.06
SGD, 1, -1, 1, -1, 128, 128, 128, 128, 0.2, 0.002, 0.002, 12.5, 12.5, 9, 9, 1, 125, 1, 1, 0, 112, 93.95
SGD, 1, -1, 1, -1, 128, 128, 128, 128, 0.2, 0.002, 0.002, 12.5, 12.5, 9, 9, 1, 125, 1, 1, 0, 113, 92.56
SGD, 1, -1, 1, -1, 128, 128, 128, 128, 0.2, 0.002, 0.002, 12.5, 12.5, 9, 9, 1, 125, 1, 1, 0, 114, 94.26
SGD, 1, -1, 1, -1, 128, 128, 128, 128, 0.2, 0.002, 0.002, 12.5, 12.5, 9, 9, 1, 125, 1, 1, 0, 115, 94.07
SGD, 1, -1, 1, -1, 128, 128, 128, 128, 0.2, 0.002, 0.002, 12.5, 12.5, 9, 9, 1, 125, 1, 1, 0, 116, 93.94
SGD, 1, -1, 1, -1, 128, 128, 128, 128, 0.2, 0.002, 0.002, 12.5, 12.5, 9, 9, 1, 125, 1, 1, 0, 117, 94.21
SGD, 1, -1, 1, -1, 128, 128, 128, 128, 0.2, 0.002, 0.002, 12.5, 12.5, 9, 9, 1, 125, 1, 1, 0, 118, 94.11
SGD, 1, -1, 1, -1, 128, 128, 128, 128, 0.2, 0.002, 0.002, 12.5, 12.5, 9, 9, 1, 125, 1, 1, 0, 119, 92.68
SGD, 1, -1, 1, -1, 128, 128, 128, 128, 0.2, 0.002, 0.002, 12.5, 12.5, 9, 9, 1, 125, 1, 1, 0, 120, 94.33
SGD, 1, -1, 1, -1, 128, 128, 128, 128, 0.2, 0.002, 0.002, 12.5, 12.5, 9, 9, 1, 125, 1, 1, 0, 121, 94.02
SGD, 1, -1, 1, -1, 128, 128, 128, 128, 0.2, 0.002, 0.002, 12.5, 12.5, 9, 9, 1, 125, 1, 1, 0, 122, 93.63
SGD, 1, -1, 1, -1, 128, 128, 128, 128, 0.2, 0.002, 0.002, 12.5, 12.5, 9, 9, 1, 125, 1, 1, 0, 123, 94.23
SGD, 1, -1, 1, -1, 128, 128, 128, 128, 0.2, 0.002, 0.002, 12.5, 12.5, 9, 9, 1, 125, 1, 1, 0, 124, 94.03
SGD, 1, -1, 1, -1, 128, 128, 128, 128, 0.2, 0.002, 0.002, 12.5, 12.5, 9, 9, 1, 125, 1, 1, 0, 125, 94.17
SGD, 1, -1, 1, -1, 128, 128, 128, 128, 0.2, 0.0022, 0.0022, 12.5, 12.5, 9, 9, 1, 125, 1, 1, 0, 1, 51.05
SGD, 1, -1, 1, -1, 128, 128, 128, 128, 0.2, 0.0022, 0.0022, 12.5, 12.5, 9, 9, 1, 125, 1, 1, 0, 2, 65.43
SGD, 1, -1, 1, -1, 128, 128, 128, 128, 0.2, 0.0022, 0.0022, 12.5, 12.5, 9, 9, 1, 125, 1, 1, 0, 3, 75.7
SGD, 1, -1, 1, -1, 128, 128, 128, 128, 0.2, 0.0022, 0.0022, 12.5, 12.5, 9, 9, 1, 125, 1, 1, 0, 4, 80.11
SGD, 1, -1, 1, -1, 128, 128, 128, 128, 0.2, 0.0022, 0.0022, 12.5, 12.5, 9, 9, 1, 125, 1, 1, 0, 5, 87.64
SGD, 1, -1, 1, -1, 128, 128, 128, 128, 0.2, 0.0022, 0.0022, 12.5, 12.5, 9, 9, 1, 125, 1, 1, 0, 6, 88.63
SGD, 1, -1, 1, -1, 128, 128, 128, 128, 0.2, 0.0022, 0.0022, 12.5, 12.5, 9, 9, 1, 125, 1, 1, 0, 7, 89.91
SGD, 1, -1, 1, -1, 128, 128, 128, 128, 0.2, 0.0022, 0.0022, 12.5, 12.5, 9, 9, 1, 125, 1, 1, 0, 8, 90.39
SGD, 1, -1, 1, -1, 128, 128, 128, 128, 0.2, 0.0022, 0.0022, 12.5, 12.5, 9, 9, 1, 125, 1, 1, 0, 9, 91.12
SGD, 1, -1, 1, -1, 128, 128, 128, 128, 0.2, 0.0022, 0.0022, 12.5, 12.5, 9, 9, 1, 125, 1, 1, 0, 10, 91.04
SGD, 1, -1, 1, -1, 128, 128, 128, 128, 0.2, 0.0022, 0.0022, 12.5, 12.5, 9, 9, 1, 125, 1, 1, 0, 11, 90.76
SGD, 1, -1, 1, -1, 128, 128, 128, 128, 0.2, 0.0022, 0.0022, 12.5, 12.5, 9, 9, 1, 125, 1, 1, 0, 12, 91.46
SGD, 1, -1, 1, -1, 128, 128, 128, 128, 0.2, 0.0022, 0.0022, 12.5, 12.5, 9, 9, 1, 125, 1, 1, 0, 13, 91.39
SGD, 1, -1, 1, -1, 128, 128, 128, 128, 0.2, 0.0022, 0.0022, 12.5, 12.5, 9, 9, 1, 125, 1, 1, 0, 14, 91.45
SGD, 1, -1, 1, -1, 128, 128, 128, 128, 0.2, 0.0022, 0.0022, 12.5, 12.5, 9, 9, 1, 125, 1, 1, 0, 15, 91.08
SGD, 1, -1, 1, -1, 128, 128, 128, 128, 0.2, 0.0022, 0.0022, 12.5, 12.5, 9, 9, 1, 125, 1, 1, 0, 16, 91.75
SGD, 1, -1, 1, -1, 128, 128, 128, 128, 0.2, 0.0022, 0.0022, 12.5, 12.5, 9, 9, 1, 125, 1, 1, 0, 17, 91.71
SGD, 1, -1, 1, -1, 128, 128, 128, 128, 0.2, 0.0022, 0.0022, 12.5, 12.5, 9, 9, 1, 125, 1, 1, 0, 18, 92.83
SGD, 1, -1, 1, -1, 128, 128, 128, 128, 0.2, 0.0022, 0.0022, 12.5, 12.5, 9, 9, 1, 125, 1, 1, 0, 19, 91.94
SGD, 1, -1, 1, -1, 128, 128, 128, 128, 0.2, 0.0022, 0.0022, 12.5, 12.5, 9, 9, 1, 125, 1, 1, 0, 20, 91.83
SGD, 1, -1, 1, -1, 128, 128, 128, 128, 0.2, 0.0022, 0.0022, 12.5, 12.5, 9, 9, 1, 125, 1, 1, 0, 21, 92.75
SGD, 1, -1, 1, -1, 128, 128, 128, 128, 0.2, 0.0022, 0.0022, 12.5, 12.5, 9, 9, 1, 125, 1, 1, 0, 22, 92.38
SGD, 1, -1, 1, -1, 128, 128, 128, 128, 0.2, 0.0022, 0.0022, 12.5, 12.5, 9, 9, 1, 125, 1, 1, 0, 23, 92.48
SGD, 1, -1, 1, -1, 128, 128, 128, 128, 0.2, 0.0022, 0.0022, 12.5, 12.5, 9, 9, 1, 125, 1, 1, 0, 24, 92.2
SGD, 1, -1, 1, -1, 128, 128, 128, 128, 0.2, 0.0022, 0.0022, 12.5, 12.5, 9, 9, 1, 125, 1, 1, 0, 25, 90.67
SGD, 1, -1, 1, -1, 128, 128, 128, 128, 0.2, 0.0022, 0.0022, 12.5, 12.5, 9, 9, 1, 125, 1, 1, 0, 26, 92.48
SGD, 1, -1, 1, -1, 128, 128, 128, 128, 0.2, 0.0022, 0.0022, 12.5, 12.5, 9, 9, 1, 125, 1, 1, 0, 27, 92.79
SGD, 1, -1, 1, -1, 128, 128, 128, 128, 0.2, 0.0022, 0.0022, 12.5, 12.5, 9, 9, 1, 125, 1, 1, 0, 28, 93.42
SGD, 1, -1, 1, -1, 128, 128, 128, 128, 0.2, 0.0022, 0.0022, 12.5, 12.5, 9, 9, 1, 125, 1, 1, 0, 29, 92.52
SGD, 1, -1, 1, -1, 128, 128, 128, 128, 0.2, 0.0022, 0.0022, 12.5, 12.5, 9, 9, 1, 125, 1, 1, 0, 30, 92.26
SGD, 1, -1, 1, -1, 128, 128, 128, 128, 0.2, 0.0022, 0.0022, 12.5, 12.5, 9, 9, 1, 125, 1, 1, 0, 31, 92.95
SGD, 1, -1, 1, -1, 128, 128, 128, 128, 0.2, 0.0022, 0.0022, 12.5, 12.5, 9, 9, 1, 125, 1, 1, 0, 32, 93.14
SGD, 1, -1, 1, -1, 128, 128, 128, 128, 0.2, 0.0022, 0.0022, 12.5, 12.5, 9, 9, 1, 125, 1, 1, 0, 33, 93.02
SGD, 1, -1, 1, -1, 128, 128, 128, 128, 0.2, 0.0022, 0.0022, 12.5, 12.5, 9, 9, 1, 125, 1, 1, 0, 34, 92.98
SGD, 1, -1, 1, -1, 128, 128, 128, 128, 0.2, 0.0022, 0.0022, 12.5, 12.5, 9, 9, 1, 125, 1, 1, 0, 35, 93.29
SGD, 1, -1, 1, -1, 128, 128, 128, 128, 0.2, 0.0022, 0.0022, 12.5, 12.5, 9, 9, 1, 125, 1, 1, 0, 36, 92.94
SGD, 1, -1, 1, -1, 128, 128, 128, 128, 0.2, 0.0022, 0.0022, 12.5, 12.5, 9, 9, 1, 125, 1, 1, 0, 37, 92.8
SGD, 1, -1, 1, -1, 128, 128, 128, 128, 0.2, 0.0022, 0.0022, 12.5, 12.5, 9, 9, 1, 125, 1, 1, 0, 38, 93.23
SGD, 1, -1, 1, -1, 128, 128, 128, 128, 0.2, 0.0022, 0.0022, 12.5, 12.5, 9, 9, 1, 125, 1, 1, 0, 39, 92.93
SGD, 1, -1, 1, -1, 128, 128, 128, 128, 0.2, 0.0022, 0.0022, 12.5, 12.5, 9, 9, 1, 125, 1, 1, 0, 40, 92.79
SGD, 1, -1, 1, -1, 128, 128, 128, 128, 0.2, 0.0022, 0.0022, 12.5, 12.5, 9, 9, 1, 125, 1, 1, 0, 41, 93.17
SGD, 1, -1, 1, -1, 128, 128, 128, 128, 0.2, 0.0022, 0.0022, 12.5, 12.5, 9, 9, 1, 125, 1, 1, 0, 42, 93.3
SGD, 1, -1, 1, -1, 128, 128, 128, 128, 0.2, 0.0022, 0.0022, 12.5, 12.5, 9, 9, 1, 125, 1, 1, 0, 43, 93.25
SGD, 1, -1, 1, -1, 128, 128, 128, 128, 0.2, 0.0022, 0.0022, 12.5, 12.5, 9, 9, 1, 125, 1, 1, 0, 44, 92.79
SGD, 1, -1, 1, -1, 128, 128, 128, 128, 0.2, 0.0022, 0.0022, 12.5, 12.5, 9, 9, 1, 125, 1, 1, 0, 45, 93.25
SGD, 1, -1, 1, -1, 128, 128, 128, 128, 0.2, 0.0022, 0.0022, 12.5, 12.5, 9, 9, 1, 125, 1, 1, 0, 46, 93.31
SGD, 1, -1, 1, -1, 128, 128, 128, 128, 0.2, 0.0022, 0.0022, 12.5, 12.5, 9, 9, 1, 125, 1, 1, 0, 47, 92.73
SGD, 1, -1, 1, -1, 128, 128, 128, 128, 0.2, 0.0022, 0.0022, 12.5, 12.5, 9, 9, 1, 125, 1, 1, 0, 48, 93.15
SGD, 1, -1, 1, -1, 128, 128, 128, 128, 0.2, 0.0022, 0.0022, 12.5, 12.5, 9, 9, 1, 125, 1, 1, 0, 49, 93.06
SGD, 1, -1, 1, -1, 128, 128, 128, 128, 0.2, 0.0022, 0.0022, 12.5, 12.5, 9, 9, 1, 125, 1, 1, 0, 50, 93.67
SGD, 1, -1, 1, -1, 128, 128, 128, 128, 0.2, 0.0022, 0.0022, 12.5, 12.5, 9, 9, 1, 125, 1, 1, 0, 51, 93.49
SGD, 1, -1, 1, -1, 128, 128, 128, 128, 0.2, 0.0022, 0.0022, 12.5, 12.5, 9, 9, 1, 125, 1, 1, 0, 52, 93.65
SGD, 1, -1, 1, -1, 128, 128, 128, 128, 0.2, 0.0022, 0.0022, 12.5, 12.5, 9, 9, 1, 125, 1, 1, 0, 53, 93.59
SGD, 1, -1, 1, -1, 128, 128, 128, 128, 0.2, 0.0022, 0.0022, 12.5, 12.5, 9, 9, 1, 125, 1, 1, 0, 54, 94.13
SGD, 1, -1, 1, -1, 128, 128, 128, 128, 0.2, 0.0022, 0.0022, 12.5, 12.5, 9, 9, 1, 125, 1, 1, 0, 55, 93.39
SGD, 1, -1, 1, -1, 128, 128, 128, 128, 0.2, 0.0022, 0.0022, 12.5, 12.5, 9, 9, 1, 125, 1, 1, 0, 56, 93.68
SGD, 1, -1, 1, -1, 128, 128, 128, 128, 0.2, 0.0022, 0.0022, 12.5, 12.5, 9, 9, 1, 125, 1, 1, 0, 57, 93.25
SGD, 1, -1, 1, -1, 128, 128, 128, 128, 0.2, 0.0022, 0.0022, 12.5, 12.5, 9, 9, 1, 125, 1, 1, 0, 58, 93.6
SGD, 1, -1, 1, -1, 128, 128, 128, 128, 0.2, 0.0022, 0.0022, 12.5, 12.5, 9, 9, 1, 125, 1, 1, 0, 59, 93.48
SGD, 1, -1, 1, -1, 128, 128, 128, 128, 0.2, 0.0022, 0.0022, 12.5, 12.5, 9, 9, 1, 125, 1, 1, 0, 60, 93.45
SGD, 1, -1, 1, -1, 128, 128, 128, 128, 0.2, 0.0022, 0.0022, 12.5, 12.5, 9, 9, 1, 125, 1, 1, 0, 61, 93.37
SGD, 1, -1, 1, -1, 128, 128, 128, 128, 0.2, 0.0022, 0.0022, 12.5, 12.5, 9, 9, 1, 125, 1, 1, 0, 62, 93.33
SGD, 1, -1, 1, -1, 128, 128, 128, 128, 0.2, 0.0022, 0.0022, 12.5, 12.5, 9, 9, 1, 125, 1, 1, 0, 63, 93.65
SGD, 1, -1, 1, -1, 128, 128, 128, 128, 0.2, 0.0022, 0.0022, 12.5, 12.5, 9, 9, 1, 125, 1, 1, 0, 64, 92.52
SGD, 1, -1, 1, -1, 128, 128, 128, 128, 0.2, 0.0022, 0.0022, 12.5, 12.5, 9, 9, 1, 125, 1, 1, 0, 65, 91.83
SGD, 1, -1, 1, -1, 128, 128, 128, 128, 0.2, 0.0022, 0.0022, 12.5, 12.5, 9, 9, 1, 125, 1, 1, 0, 66, 93.36
SGD, 1, -1, 1, -1, 128, 128, 128, 128, 0.2, 0.0022, 0.0022, 12.5, 12.5, 9, 9, 1, 125, 1, 1, 0, 67, 93.83
SGD, 1, -1, 1, -1, 128, 128, 128, 128, 0.2, 0.0022, 0.0022, 12.5, 12.5, 9, 9, 1, 125, 1, 1, 0, 68, 94.05
SGD, 1, -1, 1, -1, 128, 128, 128, 128, 0.2, 0.0022, 0.0022, 12.5, 12.5, 9, 9, 1, 125, 1, 1, 0, 69, 93.18
SGD, 1, -1, 1, -1, 128, 128, 128, 128, 0.2, 0.0022, 0.0022, 12.5, 12.5, 9, 9, 1, 125, 1, 1, 0, 70, 93.15
SGD, 1, -1, 1, -1, 128, 128, 128, 128, 0.2, 0.0022, 0.0022, 12.5, 12.5, 9, 9, 1, 125, 1, 1, 0, 71, 93.94
SGD, 1, -1, 1, -1, 128, 128, 128, 128, 0.2, 0.0022, 0.0022, 12.5, 12.5, 9, 9, 1, 125, 1, 1, 0, 72, 93.86
SGD, 1, -1, 1, -1, 128, 128, 128, 128, 0.2, 0.0022, 0.0022, 12.5, 12.5, 9, 9, 1, 125, 1, 1, 0, 73, 93.09
SGD, 1, -1, 1, -1, 128, 128, 128, 128, 0.2, 0.0022, 0.0022, 12.5, 12.5, 9, 9, 1, 125, 1, 1, 0, 74, 93.51
SGD, 1, -1, 1, -1, 128, 128, 128, 128, 0.2, 0.0022, 0.0022, 12.5, 12.5, 9, 9, 1, 125, 1, 1, 0, 75, 93.63
SGD, 1, -1, 1, -1, 128, 128, 128, 128, 0.2, 0.0022, 0.0022, 12.5, 12.5, 9, 9, 1, 125, 1, 1, 0, 76, 93.49
SGD, 1, -1, 1, -1, 128, 128, 128, 128, 0.2, 0.0022, 0.0022, 12.5, 12.5, 9, 9, 1, 125, 1, 1, 0, 77, 93.47
SGD, 1, -1, 1, -1, 128, 128, 128, 128, 0.2, 0.0022, 0.0022, 12.5, 12.5, 9, 9, 1, 125, 1, 1, 0, 78, 93.17
SGD, 1, -1, 1, -1, 128, 128, 128, 128, 0.2, 0.0022, 0.0022, 12.5, 12.5, 9, 9, 1, 125, 1, 1, 0, 79, 93.58
SGD, 1, -1, 1, -1, 128, 128, 128, 128, 0.2, 0.0022, 0.0022, 12.5, 12.5, 9, 9, 1, 125, 1, 1, 0, 80, 92.85
SGD, 1, -1, 1, -1, 128, 128, 128, 128, 0.2, 0.0022, 0.0022, 12.5, 12.5, 9, 9, 1, 125, 1, 1, 0, 81, 93.54
SGD, 1, -1, 1, -1, 128, 128, 128, 128, 0.2, 0.0022, 0.0022, 12.5, 12.5, 9, 9, 1, 125, 1, 1, 0, 82, 93.44
SGD, 1, -1, 1, -1, 128, 128, 128, 128, 0.2, 0.0022, 0.0022, 12.5, 12.5, 9, 9, 1, 125, 1, 1, 0, 83, 93.9
SGD, 1, -1, 1, -1, 128, 128, 128, 128, 0.2, 0.0022, 0.0022, 12.5, 12.5, 9, 9, 1, 125, 1, 1, 0, 84, 93.37
SGD, 1, -1, 1, -1, 128, 128, 128, 128, 0.2, 0.0022, 0.0022, 12.5, 12.5, 9, 9, 1, 125, 1, 1, 0, 85, 93.32
SGD, 1, -1, 1, -1, 128, 128, 128, 128, 0.2, 0.0022, 0.0022, 12.5, 12.5, 9, 9, 1, 125, 1, 1, 0, 86, 93.81
SGD, 1, -1, 1, -1, 128, 128, 128, 128, 0.2, 0.0022, 0.0022, 12.5, 12.5, 9, 9, 1, 125, 1, 1, 0, 87, 93.59
SGD, 1, -1, 1, -1, 128, 128, 128, 128, 0.2, 0.0022, 0.0022, 12.5, 12.5, 9, 9, 1, 125, 1, 1, 0, 88, 93.78
SGD, 1, -1, 1, -1, 128, 128, 128, 128, 0.2, 0.0022, 0.0022, 12.5, 12.5, 9, 9, 1, 125, 1, 1, 0, 89, 94.03
SGD, 1, -1, 1, -1, 128, 128, 128, 128, 0.2, 0.0022, 0.0022, 12.5, 12.5, 9, 9, 1, 125, 1, 1, 0, 90, 93.68
SGD, 1, -1, 1, -1, 128, 128, 128, 128, 0.2, 0.0022, 0.0022, 12.5, 12.5, 9, 9, 1, 125, 1, 1, 0, 91, 93.71
SGD, 1, -1, 1, -1, 128, 128, 128, 128, 0.2, 0.0022, 0.0022, 12.5, 12.5, 9, 9, 1, 125, 1, 1, 0, 92, 93.9
SGD, 1, -1, 1, -1, 128, 128, 128, 128, 0.2, 0.0022, 0.0022, 12.5, 12.5, 9, 9, 1, 125, 1, 1, 0, 93, 93.05
SGD, 1, -1, 1, -1, 128, 128, 128, 128, 0.2, 0.0022, 0.0022, 12.5, 12.5, 9, 9, 1, 125, 1, 1, 0, 94, 93.34
SGD, 1, -1, 1, -1, 128, 128, 128, 128, 0.2, 0.0022, 0.0022, 12.5, 12.5, 9, 9, 1, 125, 1, 1, 0, 95, 93.43
SGD, 1, -1, 1, -1, 128, 128, 128, 128, 0.2, 0.0022, 0.0022, 12.5, 12.5, 9, 9, 1, 125, 1, 1, 0, 96, 94.02
SGD, 1, -1, 1, -1, 128, 128, 128, 128, 0.2, 0.0022, 0.0022, 12.5, 12.5, 9, 9, 1, 125, 1, 1, 0, 97, 92.65
SGD, 1, -1, 1, -1, 128, 128, 128, 128, 0.2, 0.0022, 0.0022, 12.5, 12.5, 9, 9, 1, 125, 1, 1, 0, 98, 94
SGD, 1, -1, 1, -1, 128, 128, 128, 128, 0.2, 0.0022, 0.0022, 12.5, 12.5, 9, 9, 1, 125, 1, 1, 0, 99, 93.43
SGD, 1, -1, 1, -1, 128, 128, 128, 128, 0.2, 0.0022, 0.0022, 12.5, 12.5, 9, 9, 1, 125, 1, 1, 0, 100, 93.75
SGD, 1, -1, 1, -1, 128, 128, 128, 128, 0.2, 0.0022, 0.0022, 12.5, 12.5, 9, 9, 1, 125, 1, 1, 0, 101, 93.76
SGD, 1, -1, 1, -1, 128, 128, 128, 128, 0.2, 0.0022, 0.0022, 12.5, 12.5, 9, 9, 1, 125, 1, 1, 0, 102, 93.77
SGD, 1, -1, 1, -1, 128, 128, 128, 128, 0.2, 0.0022, 0.0022, 12.5, 12.5, 9, 9, 1, 125, 1, 1, 0, 103, 93.36
SGD, 1, -1, 1, -1, 128, 128, 128, 128, 0.2, 0.0022, 0.0022, 12.5, 12.5, 9, 9, 1, 125, 1, 1, 0, 104, 93.43
SGD, 1, -1, 1, -1, 128, 128, 128, 128, 0.2, 0.0022, 0.0022, 12.5, 12.5, 9, 9, 1, 125, 1, 1, 0, 105, 93.38
SGD, 1, -1, 1, -1, 128, 128, 128, 128, 0.2, 0.0022, 0.0022, 12.5, 12.5, 9, 9, 1, 125, 1, 1, 0, 106, 93.72
SGD, 1, -1, 1, -1, 128, 128, 128, 128, 0.2, 0.0022, 0.0022, 12.5, 12.5, 9, 9, 1, 125, 1, 1, 0, 107, 94
SGD, 1, -1, 1, -1, 128, 128, 128, 128, 0.2, 0.0022, 0.0022, 12.5, 12.5, 9, 9, 1, 125, 1, 1, 0, 108, 92.91
SGD, 1, -1, 1, -1, 128, 128, 128, 128, 0.2, 0.0022, 0.0022, 12.5, 12.5, 9, 9, 1, 125, 1, 1, 0, 109, 93.59
SGD, 1, -1, 1, -1, 128, 128, 128, 128, 0.2, 0.0022, 0.0022, 12.5, 12.5, 9, 9, 1, 125, 1, 1, 0, 110, 93.49
SGD, 1, -1, 1, -1, 128, 128, 128, 128, 0.2, 0.0022, 0.0022, 12.5, 12.5, 9, 9, 1, 125, 1, 1, 0, 111, 94.31
SGD, 1, -1, 1, -1, 128, 128, 128, 128, 0.2, 0.0022, 0.0022, 12.5, 12.5, 9, 9, 1, 125, 1, 1, 0, 112, 93.73
SGD, 1, -1, 1, -1, 128, 128, 128, 128, 0.2, 0.0022, 0.0022, 12.5, 12.5, 9, 9, 1, 125, 1, 1, 0, 113, 93.93
SGD, 1, -1, 1, -1, 128, 128, 128, 128, 0.2, 0.0022, 0.0022, 12.5, 12.5, 9, 9, 1, 125, 1, 1, 0, 114, 94.22
SGD, 1, -1, 1, -1, 128, 128, 128, 128, 0.2, 0.0022, 0.0022, 12.5, 12.5, 9, 9, 1, 125, 1, 1, 0, 115, 93.55
SGD, 1, -1, 1, -1, 128, 128, 128, 128, 0.2, 0.0022, 0.0022, 12.5, 12.5, 9, 9, 1, 125, 1, 1, 0, 116, 93.77
SGD, 1, -1, 1, -1, 128, 128, 128, 128, 0.2, 0.0022, 0.0022, 12.5, 12.5, 9, 9, 1, 125, 1, 1, 0, 117, 93.8
SGD, 1, -1, 1, -1, 128, 128, 128, 128, 0.2, 0.0022, 0.0022, 12.5, 12.5, 9, 9, 1, 125, 1, 1, 0, 118, 93.87
SGD, 1, -1, 1, -1, 128, 128, 128, 128, 0.2, 0.0022, 0.0022, 12.5, 12.5, 9, 9, 1, 125, 1, 1, 0, 119, 93.11
SGD, 1, -1, 1, -1, 128, 128, 128, 128, 0.2, 0.0022, 0.0022, 12.5, 12.5, 9, 9, 1, 125, 1, 1, 0, 120, 93.78
SGD, 1, -1, 1, -1, 128, 128, 128, 128, 0.2, 0.0022, 0.0022, 12.5, 12.5, 9, 9, 1, 125, 1, 1, 0, 121, 94.06
SGD, 1, -1, 1, -1, 128, 128, 128, 128, 0.2, 0.0022, 0.0022, 12.5, 12.5, 9, 9, 1, 125, 1, 1, 0, 122, 93.9
SGD, 1, -1, 1, -1, 128, 128, 128, 128, 0.2, 0.0022, 0.0022, 12.5, 12.5, 9, 9, 1, 125, 1, 1, 0, 123, 94.02
SGD, 1, -1, 1, -1, 128, 128, 128, 128, 0.2, 0.0022, 0.0022, 12.5, 12.5, 9, 9, 1, 125, 1, 1, 0, 124, 94.18
SGD, 1, -1, 1, -1, 128, 128, 128, 128, 0.2, 0.0022, 0.0022, 12.5, 12.5, 9, 9, 1, 125, 1, 1, 0, 125, 93.99
SGD, 1, -1, 1, -1, 128, 128, 128, 128, 0.2, 0.0024, 0.0024, 12.5, 12.5, 9, 9, 1, 125, 1, 1, 0, 1, 57.7
SGD, 1, -1, 1, -1, 128, 128, 128, 128, 0.2, 0.0024, 0.0024, 12.5, 12.5, 9, 9, 1, 125, 1, 1, 0, 2, 75.04
SGD, 1, -1, 1, -1, 128, 128, 128, 128, 0.2, 0.0024, 0.0024, 12.5, 12.5, 9, 9, 1, 125, 1, 1, 0, 3, 86.16
SGD, 1, -1, 1, -1, 128, 128, 128, 128, 0.2, 0.0024, 0.0024, 12.5, 12.5, 9, 9, 1, 125, 1, 1, 0, 4, 88.4
SGD, 1, -1, 1, -1, 128, 128, 128, 128, 0.2, 0.0024, 0.0024, 12.5, 12.5, 9, 9, 1, 125, 1, 1, 0, 5, 87.87
SGD, 1, -1, 1, -1, 128, 128, 128, 128, 0.2, 0.0024, 0.0024, 12.5, 12.5, 9, 9, 1, 125, 1, 1, 0, 6, 88.59
SGD, 1, -1, 1, -1, 128, 128, 128, 128, 0.2, 0.0024, 0.0024, 12.5, 12.5, 9, 9, 1, 125, 1, 1, 0, 7, 90.21
SGD, 1, -1, 1, -1, 128, 128, 128, 128, 0.2, 0.0024, 0.0024, 12.5, 12.5, 9, 9, 1, 125, 1, 1, 0, 8, 90.15
SGD, 1, -1, 1, -1, 128, 128, 128, 128, 0.2, 0.0024, 0.0024, 12.5, 12.5, 9, 9, 1, 125, 1, 1, 0, 9, 91.12
SGD, 1, -1, 1, -1, 128, 128, 128, 128, 0.2, 0.0024, 0.0024, 12.5, 12.5, 9, 9, 1, 125, 1, 1, 0, 10, 91.17
SGD, 1, -1, 1, -1, 128, 128, 128, 128, 0.2, 0.0024, 0.0024, 12.5, 12.5, 9, 9, 1, 125, 1, 1, 0, 11, 90.87
SGD, 1, -1, 1, -1, 128, 128, 128, 128, 0.2, 0.0024, 0.0024, 12.5, 12.5, 9, 9, 1, 125, 1, 1, 0, 12, 92.09
SGD, 1, -1, 1, -1, 128, 128, 128, 128, 0.2, 0.0024, 0.0024, 12.5, 12.5, 9, 9, 1, 125, 1, 1, 0, 13, 91.93
SGD, 1, -1, 1, -1, 128, 128, 128, 128, 0.2, 0.0024, 0.0024, 12.5, 12.5, 9, 9, 1, 125, 1, 1, 0, 14, 92.22
SGD, 1, -1, 1, -1, 128, 128, 128, 128, 0.2, 0.0024, 0.0024, 12.5, 12.5, 9, 9, 1, 125, 1, 1, 0, 15, 92.06
SGD, 1, -1, 1, -1, 128, 128, 128, 128, 0.2, 0.0024, 0.0024, 12.5, 12.5, 9, 9, 1, 125, 1, 1, 0, 16, 92
SGD, 1, -1, 1, -1, 128, 128, 128, 128, 0.2, 0.0024, 0.0024, 12.5, 12.5, 9, 9, 1, 125, 1, 1, 0, 17, 90.9
SGD, 1, -1, 1, -1, 128, 128, 128, 128, 0.2, 0.0024, 0.0024, 12.5, 12.5, 9, 9, 1, 125, 1, 1, 0, 18, 91.97
SGD, 1, -1, 1, -1, 128, 128, 128, 128, 0.2, 0.0024, 0.0024, 12.5, 12.5, 9, 9, 1, 125, 1, 1, 0, 19, 92.27
SGD, 1, -1, 1, -1, 128, 128, 128, 128, 0.2, 0.0024, 0.0024, 12.5, 12.5, 9, 9, 1, 125, 1, 1, 0, 20, 92.27
SGD, 1, -1, 1, -1, 128, 128, 128, 128, 0.2, 0.0024, 0.0024, 12.5, 12.5, 9, 9, 1, 125, 1, 1, 0, 21, 92.79
SGD, 1, -1, 1, -1, 128, 128, 128, 128, 0.2, 0.0024, 0.0024, 12.5, 12.5, 9, 9, 1, 125, 1, 1, 0, 22, 92.38
SGD, 1, -1, 1, -1, 128, 128, 128, 128, 0.2, 0.0024, 0.0024, 12.5, 12.5, 9, 9, 1, 125, 1, 1, 0, 23, 92.36
SGD, 1, -1, 1, -1, 128, 128, 128, 128, 0.2, 0.0024, 0.0024, 12.5, 12.5, 9, 9, 1, 125, 1, 1, 0, 24, 91.71
SGD, 1, -1, 1, -1, 128, 128, 128, 128, 0.2, 0.0024, 0.0024, 12.5, 12.5, 9, 9, 1, 125, 1, 1, 0, 25, 92.45
SGD, 1, -1, 1, -1, 128, 128, 128, 128, 0.2, 0.0024, 0.0024, 12.5, 12.5, 9, 9, 1, 125, 1, 1, 0, 26, 91.73
SGD, 1, -1, 1, -1, 128, 128, 128, 128, 0.2, 0.0024, 0.0024, 12.5, 12.5, 9, 9, 1, 125, 1, 1, 0, 27, 92.41
SGD, 1, -1, 1, -1, 128, 128, 128, 128, 0.2, 0.0024, 0.0024, 12.5, 12.5, 9, 9, 1, 125, 1, 1, 0, 28, 93.3
SGD, 1, -1, 1, -1, 128, 128, 128, 128, 0.2, 0.0024, 0.0024, 12.5, 12.5, 9, 9, 1, 125, 1, 1, 0, 29, 92.27
SGD, 1, -1, 1, -1, 128, 128, 128, 128, 0.2, 0.0024, 0.0024, 12.5, 12.5, 9, 9, 1, 125, 1, 1, 0, 30, 91.31
SGD, 1, -1, 1, -1, 128, 128, 128, 128, 0.2, 0.0024, 0.0024, 12.5, 12.5, 9, 9, 1, 125, 1, 1, 0, 31, 92.38
SGD, 1, -1, 1, -1, 128, 128, 128, 128, 0.2, 0.0024, 0.0024, 12.5, 12.5, 9, 9, 1, 125, 1, 1, 0, 32, 92.9
SGD, 1, -1, 1, -1, 128, 128, 128, 128, 0.2, 0.0024, 0.0024, 12.5, 12.5, 9, 9, 1, 125, 1, 1, 0, 33, 92.97
SGD, 1, -1, 1, -1, 128, 128, 128, 128, 0.2, 0.0024, 0.0024, 12.5, 12.5, 9, 9, 1, 125, 1, 1, 0, 34, 93.12
SGD, 1, -1, 1, -1, 128, 128, 128, 128, 0.2, 0.0024, 0.0024, 12.5, 12.5, 9, 9, 1, 125, 1, 1, 0, 35, 93
SGD, 1, -1, 1, -1, 128, 128, 128, 128, 0.2, 0.0024, 0.0024, 12.5, 12.5, 9, 9, 1, 125, 1, 1, 0, 36, 92.68
SGD, 1, -1, 1, -1, 128, 128, 128, 128, 0.2, 0.0024, 0.0024, 12.5, 12.5, 9, 9, 1, 125, 1, 1, 0, 37, 93.05
SGD, 1, -1, 1, -1, 128, 128, 128, 128, 0.2, 0.0024, 0.0024, 12.5, 12.5, 9, 9, 1, 125, 1, 1, 0, 38, 93.28
SGD, 1, -1, 1, -1, 128, 128, 128, 128, 0.2, 0.0024, 0.0024, 12.5, 12.5, 9, 9, 1, 125, 1, 1, 0, 39, 92.71
SGD, 1, -1, 1, -1, 128, 128, 128, 128, 0.2, 0.0024, 0.0024, 12.5, 12.5, 9, 9, 1, 125, 1, 1, 0, 40, 92.96
SGD, 1, -1, 1, -1, 128, 128, 128, 128, 0.2, 0.0024, 0.0024, 12.5, 12.5, 9, 9, 1, 125, 1, 1, 0, 41, 93.26
SGD, 1, -1, 1, -1, 128, 128, 128, 128, 0.2, 0.0024, 0.0024, 12.5, 12.5, 9, 9, 1, 125, 1, 1, 0, 42, 93.26
SGD, 1, -1, 1, -1, 128, 128, 128, 128, 0.2, 0.0024, 0.0024, 12.5, 12.5, 9, 9, 1, 125, 1, 1, 0, 43, 92.07
SGD, 1, -1, 1, -1, 128, 128, 128, 128, 0.2, 0.0024, 0.0024, 12.5, 12.5, 9, 9, 1, 125, 1, 1, 0, 44, 92.98
SGD, 1, -1, 1, -1, 128, 128, 128, 128, 0.2, 0.0024, 0.0024, 12.5, 12.5, 9, 9, 1, 125, 1, 1, 0, 45, 92.99
SGD, 1, -1, 1, -1, 128, 128, 128, 128, 0.2, 0.0024, 0.0024, 12.5, 12.5, 9, 9, 1, 125, 1, 1, 0, 46, 93.1
SGD, 1, -1, 1, -1, 128, 128, 128, 128, 0.2, 0.0024, 0.0024, 12.5, 12.5, 9, 9, 1, 125, 1, 1, 0, 47, 93.45
SGD, 1, -1, 1, -1, 128, 128, 128, 128, 0.2, 0.0024, 0.0024, 12.5, 12.5, 9, 9, 1, 125, 1, 1, 0, 48, 93.1
SGD, 1, -1, 1, -1, 128, 128, 128, 128, 0.2, 0.0024, 0.0024, 12.5, 12.5, 9, 9, 1, 125, 1, 1, 0, 49, 92.79
SGD, 1, -1, 1, -1, 128, 128, 128, 128, 0.2, 0.0024, 0.0024, 12.5, 12.5, 9, 9, 1, 125, 1, 1, 0, 50, 92.98
SGD, 1, -1, 1, -1, 128, 128, 128, 128, 0.2, 0.0024, 0.0024, 12.5, 12.5, 9, 9, 1, 125, 1, 1, 0, 51, 93.55
SGD, 1, -1, 1, -1, 128, 128, 128, 128, 0.2, 0.0024, 0.0024, 12.5, 12.5, 9, 9, 1, 125, 1, 1, 0, 52, 93.4
SGD, 1, -1, 1, -1, 128, 128, 128, 128, 0.2, 0.0024, 0.0024, 12.5, 12.5, 9, 9, 1, 125, 1, 1, 0, 53, 92.86
SGD, 1, -1, 1, -1, 128, 128, 128, 128, 0.2, 0.0024, 0.0024, 12.5, 12.5, 9, 9, 1, 125, 1, 1, 0, 54, 93.62
SGD, 1, -1, 1, -1, 128, 128, 128, 128, 0.2, 0.0024, 0.0024, 12.5, 12.5, 9, 9, 1, 125, 1, 1, 0, 55, 93.44
SGD, 1, -1, 1, -1, 128, 128, 128, 128, 0.2, 0.0024, 0.0024, 12.5, 12.5, 9, 9, 1, 125, 1, 1, 0, 56, 93.44
SGD, 1, -1, 1, -1, 128, 128, 128, 128, 0.2, 0.0024, 0.0024, 12.5, 12.5, 9, 9, 1, 125, 1, 1, 0, 57, 93.58
SGD, 1, -1, 1, -1, 128, 128, 128, 128, 0.2, 0.0024, 0.0024, 12.5, 12.5, 9, 9, 1, 125, 1, 1, 0, 58, 93.81
SGD, 1, -1, 1, -1, 128, 128, 128, 128, 0.2, 0.0024, 0.0024, 12.5, 12.5, 9, 9, 1, 125, 1, 1, 0, 59, 93.31
SGD, 1, -1, 1, -1, 128, 128, 128, 128, 0.2, 0.0024, 0.0024, 12.5, 12.5, 9, 9, 1, 125, 1, 1, 0, 60, 93.3
SGD, 1, -1, 1, -1, 128, 128, 128, 128, 0.2, 0.0024, 0.0024, 12.5, 12.5, 9, 9, 1, 125, 1, 1, 0, 61, 94.09
SGD, 1, -1, 1, -1, 128, 128, 128, 128, 0.2, 0.0024, 0.0024, 12.5, 12.5, 9, 9, 1, 125, 1, 1, 0, 62, 93.44
SGD, 1, -1, 1, -1, 128, 128, 128, 128, 0.2, 0.0024, 0.0024, 12.5, 12.5, 9, 9, 1, 125, 1, 1, 0, 63, 92.92
SGD, 1, -1, 1, -1, 128, 128, 128, 128, 0.2, 0.0024, 0.0024, 12.5, 12.5, 9, 9, 1, 125, 1, 1, 0, 64, 92.74
SGD, 1, -1, 1, -1, 128, 128, 128, 128, 0.2, 0.0024, 0.0024, 12.5, 12.5, 9, 9, 1, 125, 1, 1, 0, 65, 92.93
SGD, 1, -1, 1, -1, 128, 128, 128, 128, 0.2, 0.0024, 0.0024, 12.5, 12.5, 9, 9, 1, 125, 1, 1, 0, 66, 92.87
SGD, 1, -1, 1, -1, 128, 128, 128, 128, 0.2, 0.0024, 0.0024, 12.5, 12.5, 9, 9, 1, 125, 1, 1, 0, 67, 93.25
SGD, 1, -1, 1, -1, 128, 128, 128, 128, 0.2, 0.0024, 0.0024, 12.5, 12.5, 9, 9, 1, 125, 1, 1, 0, 68, 93.18
SGD, 1, -1, 1, -1, 128, 128, 128, 128, 0.2, 0.0024, 0.0024, 12.5, 12.5, 9, 9, 1, 125, 1, 1, 0, 69, 93.42
SGD, 1, -1, 1, -1, 128, 128, 128, 128, 0.2, 0.0024, 0.0024, 12.5, 12.5, 9, 9, 1, 125, 1, 1, 0, 70, 93.25
SGD, 1, -1, 1, -1, 128, 128, 128, 128, 0.2, 0.0024, 0.0024, 12.5, 12.5, 9, 9, 1, 125, 1, 1, 0, 71, 93.46
SGD, 1, -1, 1, -1, 128, 128, 128, 128, 0.2, 0.0024, 0.0024, 12.5, 12.5, 9, 9, 1, 125, 1, 1, 0, 72, 93.89
SGD, 1, -1, 1, -1, 128, 128, 128, 128, 0.2, 0.0024, 0.0024, 12.5, 12.5, 9, 9, 1, 125, 1, 1, 0, 73, 93.78
SGD, 1, -1, 1, -1, 128, 128, 128, 128, 0.2, 0.0024, 0.0024, 12.5, 12.5, 9, 9, 1, 125, 1, 1, 0, 74, 93.62
SGD, 1, -1, 1, -1, 128, 128, 128, 128, 0.2, 0.0024, 0.0024, 12.5, 12.5, 9, 9, 1, 125, 1, 1, 0, 75, 93.96
SGD, 1, -1, 1, -1, 128, 128, 128, 128, 0.2, 0.0024, 0.0024, 12.5, 12.5, 9, 9, 1, 125, 1, 1, 0, 76, 93.38
SGD, 1, -1, 1, -1, 128, 128, 128, 128, 0.2, 0.0024, 0.0024, 12.5, 12.5, 9, 9, 1, 125, 1, 1, 0, 77, 93.33
SGD, 1, -1, 1, -1, 128, 128, 128, 128, 0.2, 0.0024, 0.0024, 12.5, 12.5, 9, 9, 1, 125, 1, 1, 0, 78, 93.7
SGD, 1, -1, 1, -1, 128, 128, 128, 128, 0.2, 0.0024, 0.0024, 12.5, 12.5, 9, 9, 1, 125, 1, 1, 0, 79, 93.86
SGD, 1, -1, 1, -1, 128, 128, 128, 128, 0.2, 0.0024, 0.0024, 12.5, 12.5, 9, 9, 1, 125, 1, 1, 0, 80, 93.79
SGD, 1, -1, 1, -1, 128, 128, 128, 128, 0.2, 0.0024, 0.0024, 12.5, 12.5, 9, 9, 1, 125, 1, 1, 0, 81, 93.67
SGD, 1, -1, 1, -1, 128, 128, 128, 128, 0.2, 0.0024, 0.0024, 12.5, 12.5, 9, 9, 1, 125, 1, 1, 0, 82, 93.46
SGD, 1, -1, 1, -1, 128, 128, 128, 128, 0.2, 0.0024, 0.0024, 12.5, 12.5, 9, 9, 1, 125, 1, 1, 0, 83, 94.04
SGD, 1, -1, 1, -1, 128, 128, 128, 128, 0.2, 0.0024, 0.0024, 12.5, 12.5, 9, 9, 1, 125, 1, 1, 0, 84, 93.64
SGD, 1, -1, 1, -1, 128, 128, 128, 128, 0.2, 0.0024, 0.0024, 12.5, 12.5, 9, 9, 1, 125, 1, 1, 0, 85, 93.25
SGD, 1, -1, 1, -1, 128, 128, 128, 128, 0.2, 0.0024, 0.0024, 12.5, 12.5, 9, 9, 1, 125, 1, 1, 0, 86, 94.07
SGD, 1, -1, 1, -1, 128, 128, 128, 128, 0.2, 0.0024, 0.0024, 12.5, 12.5, 9, 9, 1, 125, 1, 1, 0, 87, 93.67
SGD, 1, -1, 1, -1, 128, 128, 128, 128, 0.2, 0.0024, 0.0024, 12.5, 12.5, 9, 9, 1, 125, 1, 1, 0, 88, 94.11
SGD, 1, -1, 1, -1, 128, 128, 128, 128, 0.2, 0.0024, 0.0024, 12.5, 12.5, 9, 9, 1, 125, 1, 1, 0, 89, 93.39
SGD, 1, -1, 1, -1, 128, 128, 128, 128, 0.2, 0.0024, 0.0024, 12.5, 12.5, 9, 9, 1, 125, 1, 1, 0, 90, 94.12
SGD, 1, -1, 1, -1, 128, 128, 128, 128, 0.2, 0.0024, 0.0024, 12.5, 12.5, 9, 9, 1, 125, 1, 1, 0, 91, 93.75
SGD, 1, -1, 1, -1, 128, 128, 128, 128, 0.2, 0.0024, 0.0024, 12.5, 12.5, 9, 9, 1, 125, 1, 1, 0, 92, 93.63
SGD, 1, -1, 1, -1, 128, 128, 128, 128, 0.2, 0.0024, 0.0024, 12.5, 12.5, 9, 9, 1, 125, 1, 1, 0, 93, 93.17
SGD, 1, -1, 1, -1, 128, 128, 128, 128, 0.2, 0.0024, 0.0024, 12.5, 12.5, 9, 9, 1, 125, 1, 1, 0, 94, 93.28
SGD, 1, -1, 1, -1, 128, 128, 128, 128, 0.2, 0.0024, 0.0024, 12.5, 12.5, 9, 9, 1, 125, 1, 1, 0, 95, 92.92
SGD, 1, -1, 1, -1, 128, 128, 128, 128, 0.2, 0.0024, 0.0024, 12.5, 12.5, 9, 9, 1, 125, 1, 1, 0, 96, 93.81
SGD, 1, -1, 1, -1, 128, 128, 128, 128, 0.2, 0.0024, 0.0024, 12.5, 12.5, 9, 9, 1, 125, 1, 1, 0, 97, 92.16
SGD, 1, -1, 1, -1, 128, 128, 128, 128, 0.2, 0.0024, 0.0024, 12.5, 12.5, 9, 9, 1, 125, 1, 1, 0, 98, 94.19
SGD, 1, -1, 1, -1, 128, 128, 128, 128, 0.2, 0.0024, 0.0024, 12.5, 12.5, 9, 9, 1, 125, 1, 1, 0, 99, 93.82
SGD, 1, -1, 1, -1, 128, 128, 128, 128, 0.2, 0.0024, 0.0024, 12.5, 12.5, 9, 9, 1, 125, 1, 1, 0, 100, 93.99
SGD, 1, -1, 1, -1, 128, 128, 128, 128, 0.2, 0.0024, 0.0024, 12.5, 12.5, 9, 9, 1, 125, 1, 1, 0, 101, 94.01
SGD, 1, -1, 1, -1, 128, 128, 128, 128, 0.2, 0.0024, 0.0024, 12.5, 12.5, 9, 9, 1, 125, 1, 1, 0, 102, 93.62
SGD, 1, -1, 1, -1, 128, 128, 128, 128, 0.2, 0.0024, 0.0024, 12.5, 12.5, 9, 9, 1, 125, 1, 1, 0, 103, 93.51
SGD, 1, -1, 1, -1, 128, 128, 128, 128, 0.2, 0.0024, 0.0024, 12.5, 12.5, 9, 9, 1, 125, 1, 1, 0, 104, 94.21
SGD, 1, -1, 1, -1, 128, 128, 128, 128, 0.2, 0.0024, 0.0024, 12.5, 12.5, 9, 9, 1, 125, 1, 1, 0, 105, 93.54
SGD, 1, -1, 1, -1, 128, 128, 128, 128, 0.2, 0.0024, 0.0024, 12.5, 12.5, 9, 9, 1, 125, 1, 1, 0, 106, 93.85
SGD, 1, -1, 1, -1, 128, 128, 128, 128, 0.2, 0.0024, 0.0024, 12.5, 12.5, 9, 9, 1, 125, 1, 1, 0, 107, 94.22
SGD, 1, -1, 1, -1, 128, 128, 128, 128, 0.2, 0.0024, 0.0024, 12.5, 12.5, 9, 9, 1, 125, 1, 1, 0, 108, 93.73
SGD, 1, -1, 1, -1, 128, 128, 128, 128, 0.2, 0.0024, 0.0024, 12.5, 12.5, 9, 9, 1, 125, 1, 1, 0, 109, 94.17
SGD, 1, -1, 1, -1, 128, 128, 128, 128, 0.2, 0.0024, 0.0024, 12.5, 12.5, 9, 9, 1, 125, 1, 1, 0, 110, 94.3
SGD, 1, -1, 1, -1, 128, 128, 128, 128, 0.2, 0.0024, 0.0024, 12.5, 12.5, 9, 9, 1, 125, 1, 1, 0, 111, 94.05
SGD, 1, -1, 1, -1, 128, 128, 128, 128, 0.2, 0.0024, 0.0024, 12.5, 12.5, 9, 9, 1, 125, 1, 1, 0, 112, 93.88
SGD, 1, -1, 1, -1, 128, 128, 128, 128, 0.2, 0.0024, 0.0024, 12.5, 12.5, 9, 9, 1, 125, 1, 1, 0, 113, 93.56
SGD, 1, -1, 1, -1, 128, 128, 128, 128, 0.2, 0.0024, 0.0024, 12.5, 12.5, 9, 9, 1, 125, 1, 1, 0, 114, 94.19
SGD, 1, -1, 1, -1, 128, 128, 128, 128, 0.2, 0.0024, 0.0024, 12.5, 12.5, 9, 9, 1, 125, 1, 1, 0, 115, 93.58
SGD, 1, -1, 1, -1, 128, 128, 128, 128, 0.2, 0.0024, 0.0024, 12.5, 12.5, 9, 9, 1, 125, 1, 1, 0, 116, 93.88
SGD, 1, -1, 1, -1, 128, 128, 128, 128, 0.2, 0.0024, 0.0024, 12.5, 12.5, 9, 9, 1, 125, 1, 1, 0, 117, 94.11
SGD, 1, -1, 1, -1, 128, 128, 128, 128, 0.2, 0.0024, 0.0024, 12.5, 12.5, 9, 9, 1, 125, 1, 1, 0, 118, 93.49
SGD, 1, -1, 1, -1, 128, 128, 128, 128, 0.2, 0.0024, 0.0024, 12.5, 12.5, 9, 9, 1, 125, 1, 1, 0, 119, 93.98
SGD, 1, -1, 1, -1, 128, 128, 128, 128, 0.2, 0.0024, 0.0024, 12.5, 12.5, 9, 9, 1, 125, 1, 1, 0, 120, 93.67
SGD, 1, -1, 1, -1, 128, 128, 128, 128, 0.2, 0.0024, 0.0024, 12.5, 12.5, 9, 9, 1, 125, 1, 1, 0, 121, 93.39
SGD, 1, -1, 1, -1, 128, 128, 128, 128, 0.2, 0.0024, 0.0024, 12.5, 12.5, 9, 9, 1, 125, 1, 1, 0, 122, 93.93
SGD, 1, -1, 1, -1, 128, 128, 128, 128, 0.2, 0.0024, 0.0024, 12.5, 12.5, 9, 9, 1, 125, 1, 1, 0, 123, 93.83
SGD, 1, -1, 1, -1, 128, 128, 128, 128, 0.2, 0.0024, 0.0024, 12.5, 12.5, 9, 9, 1, 125, 1, 1, 0, 124, 93.67
SGD, 1, -1, 1, -1, 128, 128, 128, 128, 0.2, 0.0024, 0.0024, 12.5, 12.5, 9, 9, 1, 125, 1, 1, 0, 125, 93.79
SGD, 1, -1, 1, -1, 128, 128, 128, 128, 0.2, 0.0026, 0.0026, 12.5, 12.5, 9, 9, 1, 125, 1, 1, 0, 1, 51.48
SGD, 1, -1, 1, -1, 128, 128, 128, 128, 0.2, 0.0026, 0.0026, 12.5, 12.5, 9, 9, 1, 125, 1, 1, 0, 2, 57.62
SGD, 1, -1, 1, -1, 128, 128, 128, 128, 0.2, 0.0026, 0.0026, 12.5, 12.5, 9, 9, 1, 125, 1, 1, 0, 3, 77.4
SGD, 1, -1, 1, -1, 128, 128, 128, 128, 0.2, 0.0026, 0.0026, 12.5, 12.5, 9, 9, 1, 125, 1, 1, 0, 4, 87.11
SGD, 1, -1, 1, -1, 128, 128, 128, 128, 0.2, 0.0026, 0.0026, 12.5, 12.5, 9, 9, 1, 125, 1, 1, 0, 5, 87.9
SGD, 1, -1, 1, -1, 128, 128, 128, 128, 0.2, 0.0026, 0.0026, 12.5, 12.5, 9, 9, 1, 125, 1, 1, 0, 6, 87.47
SGD, 1, -1, 1, -1, 128, 128, 128, 128, 0.2, 0.0026, 0.0026, 12.5, 12.5, 9, 9, 1, 125, 1, 1, 0, 7, 90.04
SGD, 1, -1, 1, -1, 128, 128, 128, 128, 0.2, 0.0026, 0.0026, 12.5, 12.5, 9, 9, 1, 125, 1, 1, 0, 8, 89.6
SGD, 1, -1, 1, -1, 128, 128, 128, 128, 0.2, 0.0026, 0.0026, 12.5, 12.5, 9, 9, 1, 125, 1, 1, 0, 9, 90.61
SGD, 1, -1, 1, -1, 128, 128, 128, 128, 0.2, 0.0026, 0.0026, 12.5, 12.5, 9, 9, 1, 125, 1, 1, 0, 10, 90.76
SGD, 1, -1, 1, -1, 128, 128, 128, 128, 0.2, 0.0026, 0.0026, 12.5, 12.5, 9, 9, 1, 125, 1, 1, 0, 11, 91.33
SGD, 1, -1, 1, -1, 128, 128, 128, 128, 0.2, 0.0026, 0.0026, 12.5, 12.5, 9, 9, 1, 125, 1, 1, 0, 12, 91.4
SGD, 1, -1, 1, -1, 128, 128, 128, 128, 0.2, 0.0026, 0.0026, 12.5, 12.5, 9, 9, 1, 125, 1, 1, 0, 13, 91.17
SGD, 1, -1, 1, -1, 128, 128, 128, 128, 0.2, 0.0026, 0.0026, 12.5, 12.5, 9, 9, 1, 125, 1, 1, 0, 14, 92.06
SGD, 1, -1, 1, -1, 128, 128, 128, 128, 0.2, 0.0026, 0.0026, 12.5, 12.5, 9, 9, 1, 125, 1, 1, 0, 15, 91.49
SGD, 1, -1, 1, -1, 128, 128, 128, 128, 0.2, 0.0026, 0.0026, 12.5, 12.5, 9, 9, 1, 125, 1, 1, 0, 16, 90.44
SGD, 1, -1, 1, -1, 128, 128, 128, 128, 0.2, 0.0026, 0.0026, 12.5, 12.5, 9, 9, 1, 125, 1, 1, 0, 17, 89.13
SGD, 1, -1, 1, -1, 128, 128, 128, 128, 0.2, 0.0026, 0.0026, 12.5, 12.5, 9, 9, 1, 125, 1, 1, 0, 18, 92.54
SGD, 1, -1, 1, -1, 128, 128, 128, 128, 0.2, 0.0026, 0.0026, 12.5, 12.5, 9, 9, 1, 125, 1, 1, 0, 19, 92.08
SGD, 1, -1, 1, -1, 128, 128, 128, 128, 0.2, 0.0026, 0.0026, 12.5, 12.5, 9, 9, 1, 125, 1, 1, 0, 20, 91.25
SGD, 1, -1, 1, -1, 128, 128, 128, 128, 0.2, 0.0026, 0.0026, 12.5, 12.5, 9, 9, 1, 125, 1, 1, 0, 21, 92.37
SGD, 1, -1, 1, -1, 128, 128, 128, 128, 0.2, 0.0026, 0.0026, 12.5, 12.5, 9, 9, 1, 125, 1, 1, 0, 22, 92.25
SGD, 1, -1, 1, -1, 128, 128, 128, 128, 0.2, 0.0026, 0.0026, 12.5, 12.5, 9, 9, 1, 125, 1, 1, 0, 23, 92.39
SGD, 1, -1, 1, -1, 128, 128, 128, 128, 0.2, 0.0026, 0.0026, 12.5, 12.5, 9, 9, 1, 125, 1, 1, 0, 24, 91.77
SGD, 1, -1, 1, -1, 128, 128, 128, 128, 0.2, 0.0026, 0.0026, 12.5, 12.5, 9, 9, 1, 125, 1, 1, 0, 25, 91.32
SGD, 1, -1, 1, -1, 128, 128, 128, 128, 0.2, 0.0026, 0.0026, 12.5, 12.5, 9, 9, 1, 125, 1, 1, 0, 26, 92.06
SGD, 1, -1, 1, -1, 128, 128, 128, 128, 0.2, 0.0026, 0.0026, 12.5, 12.5, 9, 9, 1, 125, 1, 1, 0, 27, 92.16
SGD, 1, -1, 1, -1, 128, 128, 128, 128, 0.2, 0.0026, 0.0026, 12.5, 12.5, 9, 9, 1, 125, 1, 1, 0, 28, 92.56
SGD, 1, -1, 1, -1, 128, 128, 128, 128, 0.2, 0.0026, 0.0026, 12.5, 12.5, 9, 9, 1, 125, 1, 1, 0, 29, 91.58
SGD, 1, -1, 1, -1, 128, 128, 128, 128, 0.2, 0.0026, 0.0026, 12.5, 12.5, 9, 9, 1, 125, 1, 1, 0, 30, 91.75
SGD, 1, -1, 1, -1, 128, 128, 128, 128, 0.2, 0.0026, 0.0026, 12.5, 12.5, 9, 9, 1, 125, 1, 1, 0, 31, 92.3
SGD, 1, -1, 1, -1, 128, 128, 128, 128, 0.2, 0.0026, 0.0026, 12.5, 12.5, 9, 9, 1, 125, 1, 1, 0, 32, 92.33
SGD, 1, -1, 1, -1, 128, 128, 128, 128, 0.2, 0.0026, 0.0026, 12.5, 12.5, 9, 9, 1, 125, 1, 1, 0, 33, 92.89
SGD, 1, -1, 1, -1, 128, 128, 128, 128, 0.2, 0.0026, 0.0026, 12.5, 12.5, 9, 9, 1, 125, 1, 1, 0, 34, 92.85
SGD, 1, -1, 1, -1, 128, 128, 128, 128, 0.2, 0.0026, 0.0026, 12.5, 12.5, 9, 9, 1, 125, 1, 1, 0, 35, 92.96
SGD, 1, -1, 1, -1, 128, 128, 128, 128, 0.2, 0.0026, 0.0026, 12.5, 12.5, 9, 9, 1, 125, 1, 1, 0, 36, 92.22
SGD, 1, -1, 1, -1, 128, 128, 128, 128, 0.2, 0.0026, 0.0026, 12.5, 12.5, 9, 9, 1, 125, 1, 1, 0, 37, 92.88
SGD, 1, -1, 1, -1, 128, 128, 128, 128, 0.2, 0.0026, 0.0026, 12.5, 12.5, 9, 9, 1, 125, 1, 1, 0, 38, 92.65
SGD, 1, -1, 1, -1, 128, 128, 128, 128, 0.2, 0.0026, 0.0026, 12.5, 12.5, 9, 9, 1, 125, 1, 1, 0, 39, 92.7
SGD, 1, -1, 1, -1, 128, 128, 128, 128, 0.2, 0.0026, 0.0026, 12.5, 12.5, 9, 9, 1, 125, 1, 1, 0, 40, 92.29
SGD, 1, -1, 1, -1, 128, 128, 128, 128, 0.2, 0.0026, 0.0026, 12.5, 12.5, 9, 9, 1, 125, 1, 1, 0, 41, 92.24
SGD, 1, -1, 1, -1, 128, 128, 128, 128, 0.2, 0.0026, 0.0026, 12.5, 12.5, 9, 9, 1, 125, 1, 1, 0, 42, 92.52
SGD, 1, -1, 1, -1, 128, 128, 128, 128, 0.2, 0.0026, 0.0026, 12.5, 12.5, 9, 9, 1, 125, 1, 1, 0, 43, 92.53
SGD, 1, -1, 1, -1, 128, 128, 128, 128, 0.2, 0.0026, 0.0026, 12.5, 12.5, 9, 9, 1, 125, 1, 1, 0, 44, 93.01
SGD, 1, -1, 1, -1, 128, 128, 128, 128, 0.2, 0.0026, 0.0026, 12.5, 12.5, 9, 9, 1, 125, 1, 1, 0, 45, 92.6
SGD, 1, -1, 1, -1, 128, 128, 128, 128, 0.2, 0.0026, 0.0026, 12.5, 12.5, 9, 9, 1, 125, 1, 1, 0, 46, 92.71
SGD, 1, -1, 1, -1, 128, 128, 128, 128, 0.2, 0.0026, 0.0026, 12.5, 12.5, 9, 9, 1, 125, 1, 1, 0, 47, 92.76
SGD, 1, -1, 1, -1, 128, 128, 128, 128, 0.2, 0.0026, 0.0026, 12.5, 12.5, 9, 9, 1, 125, 1, 1, 0, 48, 93.13
SGD, 1, -1, 1, -1, 128, 128, 128, 128, 0.2, 0.0026, 0.0026, 12.5, 12.5, 9, 9, 1, 125, 1, 1, 0, 49, 92.99
SGD, 1, -1, 1, -1, 128, 128, 128, 128, 0.2, 0.0026, 0.0026, 12.5, 12.5, 9, 9, 1, 125, 1, 1, 0, 50, 93.01
SGD, 1, -1, 1, -1, 128, 128, 128, 128, 0.2, 0.0026, 0.0026, 12.5, 12.5, 9, 9, 1, 125, 1, 1, 0, 51, 92.39
SGD, 1, -1, 1, -1, 128, 128, 128, 128, 0.2, 0.0026, 0.0026, 12.5, 12.5, 9, 9, 1, 125, 1, 1, 0, 52, 92.71
SGD, 1, -1, 1, -1, 128, 128, 128, 128, 0.2, 0.0026, 0.0026, 12.5, 12.5, 9, 9, 1, 125, 1, 1, 0, 53, 93.42
SGD, 1, -1, 1, -1, 128, 128, 128, 128, 0.2, 0.0026, 0.0026, 12.5, 12.5, 9, 9, 1, 125, 1, 1, 0, 54, 93.19
SGD, 1, -1, 1, -1, 128, 128, 128, 128, 0.2, 0.0026, 0.0026, 12.5, 12.5, 9, 9, 1, 125, 1, 1, 0, 55, 92.44
SGD, 1, -1, 1, -1, 128, 128, 128, 128, 0.2, 0.0026, 0.0026, 12.5, 12.5, 9, 9, 1, 125, 1, 1, 0, 56, 93.01
SGD, 1, -1, 1, -1, 128, 128, 128, 128, 0.2, 0.0026, 0.0026, 12.5, 12.5, 9, 9, 1, 125, 1, 1, 0, 57, 93.12
SGD, 1, -1, 1, -1, 128, 128, 128, 128, 0.2, 0.0026, 0.0026, 12.5, 12.5, 9, 9, 1, 125, 1, 1, 0, 58, 93.21
SGD, 1, -1, 1, -1, 128, 128, 128, 128, 0.2, 0.0026, 0.0026, 12.5, 12.5, 9, 9, 1, 125, 1, 1, 0, 59, 93.41
SGD, 1, -1, 1, -1, 128, 128, 128, 128, 0.2, 0.0026, 0.0026, 12.5, 12.5, 9, 9, 1, 125, 1, 1, 0, 60, 93.55
SGD, 1, -1, 1, -1, 128, 128, 128, 128, 0.2, 0.0026, 0.0026, 12.5, 12.5, 9, 9, 1, 125, 1, 1, 0, 61, 93.15
SGD, 1, -1, 1, -1, 128, 128, 128, 128, 0.2, 0.0026, 0.0026, 12.5, 12.5, 9, 9, 1, 125, 1, 1, 0, 62, 93.26
SGD, 1, -1, 1, -1, 128, 128, 128, 128, 0.2, 0.0026, 0.0026, 12.5, 12.5, 9, 9, 1, 125, 1, 1, 0, 63, 93.51
SGD, 1, -1, 1, -1, 128, 128, 128, 128, 0.2, 0.0026, 0.0026, 12.5, 12.5, 9, 9, 1, 125, 1, 1, 0, 64, 93.28
SGD, 1, -1, 1, -1, 128, 128, 128, 128, 0.2, 0.0026, 0.0026, 12.5, 12.5, 9, 9, 1, 125, 1, 1, 0, 65, 91.8
SGD, 1, -1, 1, -1, 128, 128, 128, 128, 0.2, 0.0026, 0.0026, 12.5, 12.5, 9, 9, 1, 125, 1, 1, 0, 66, 93.74
SGD, 1, -1, 1, -1, 128, 128, 128, 128, 0.2, 0.0026, 0.0026, 12.5, 12.5, 9, 9, 1, 125, 1, 1, 0, 67, 93.38
SGD, 1, -1, 1, -1, 128, 128, 128, 128, 0.2, 0.0026, 0.0026, 12.5, 12.5, 9, 9, 1, 125, 1, 1, 0, 68, 92.68
SGD, 1, -1, 1, -1, 128, 128, 128, 128, 0.2, 0.0026, 0.0026, 12.5, 12.5, 9, 9, 1, 125, 1, 1, 0, 69, 93.34
SGD, 1, -1, 1, -1, 128, 128, 128, 128, 0.2, 0.0026, 0.0026, 12.5, 12.5, 9, 9, 1, 125, 1, 1, 0, 70, 93.23
SGD, 1, -1, 1, -1, 128, 128, 128, 128, 0.2, 0.0026, 0.0026, 12.5, 12.5, 9, 9, 1, 125, 1, 1, 0, 71, 93.51
SGD, 1, -1, 1, -1, 128, 128, 128, 128, 0.2, 0.0026, 0.0026, 12.5, 12.5, 9, 9, 1, 125, 1, 1, 0, 72, 93.47
SGD, 1, -1, 1, -1, 128, 128, 128, 128, 0.2, 0.0026, 0.0026, 12.5, 12.5, 9, 9, 1, 125, 1, 1, 0, 73, 93.37
SGD, 1, -1, 1, -1, 128, 128, 128, 128, 0.2, 0.0026, 0.0026, 12.5, 12.5, 9, 9, 1, 125, 1, 1, 0, 74, 93.71
SGD, 1, -1, 1, -1, 128, 128, 128, 128, 0.2, 0.0026, 0.0026, 12.5, 12.5, 9, 9, 1, 125, 1, 1, 0, 75, 93.45
SGD, 1, -1, 1, -1, 128, 128, 128, 128, 0.2, 0.0026, 0.0026, 12.5, 12.5, 9, 9, 1, 125, 1, 1, 0, 76, 93.55
SGD, 1, -1, 1, -1, 128, 128, 128, 128, 0.2, 0.0026, 0.0026, 12.5, 12.5, 9, 9, 1, 125, 1, 1, 0, 77, 93.3
SGD, 1, -1, 1, -1, 128, 128, 128, 128, 0.2, 0.0026, 0.0026, 12.5, 12.5, 9, 9, 1, 125, 1, 1, 0, 78, 93.28
SGD, 1, -1, 1, -1, 128, 128, 128, 128, 0.2, 0.0026, 0.0026, 12.5, 12.5, 9, 9, 1, 125, 1, 1, 0, 79, 93.38
SGD, 1, -1, 1, -1, 128, 128, 128, 128, 0.2, 0.0026, 0.0026, 12.5, 12.5, 9, 9, 1, 125, 1, 1, 0, 80, 93.41
SGD, 1, -1, 1, -1, 128, 128, 128, 128, 0.2, 0.0026, 0.0026, 12.5, 12.5, 9, 9, 1, 125, 1, 1, 0, 81, 93.55
SGD, 1, -1, 1, -1, 128, 128, 128, 128, 0.2, 0.0026, 0.0026, 12.5, 12.5, 9, 9, 1, 125, 1, 1, 0, 82, 92.95
SGD, 1, -1, 1, -1, 128, 128, 128, 128, 0.2, 0.0026, 0.0026, 12.5, 12.5, 9, 9, 1, 125, 1, 1, 0, 83, 93.51
SGD, 1, -1, 1, -1, 128, 128, 128, 128, 0.2, 0.0026, 0.0026, 12.5, 12.5, 9, 9, 1, 125, 1, 1, 0, 84, 93.65
SGD, 1, -1, 1, -1, 128, 128, 128, 128, 0.2, 0.0026, 0.0026, 12.5, 12.5, 9, 9, 1, 125, 1, 1, 0, 85, 93.7
SGD, 1, -1, 1, -1, 128, 128, 128, 128, 0.2, 0.0026, 0.0026, 12.5, 12.5, 9, 9, 1, 125, 1, 1, 0, 86, 94.13
SGD, 1, -1, 1, -1, 128, 128, 128, 128, 0.2, 0.0026, 0.0026, 12.5, 12.5, 9, 9, 1, 125, 1, 1, 0, 87, 93.94
SGD, 1, -1, 1, -1, 128, 128, 128, 128, 0.2, 0.0026, 0.0026, 12.5, 12.5, 9, 9, 1, 125, 1, 1, 0, 88, 93.86
SGD, 1, -1, 1, -1, 128, 128, 128, 128, 0.2, 0.0026, 0.0026, 12.5, 12.5, 9, 9, 1, 125, 1, 1, 0, 89, 93.52
SGD, 1, -1, 1, -1, 128, 128, 128, 128, 0.2, 0.0026, 0.0026, 12.5, 12.5, 9, 9, 1, 125, 1, 1, 0, 90, 93.81
SGD, 1, -1, 1, -1, 128, 128, 128, 128, 0.2, 0.0026, 0.0026, 12.5, 12.5, 9, 9, 1, 125, 1, 1, 0, 91, 93.71
SGD, 1, -1, 1, -1, 128, 128, 128, 128, 0.2, 0.0026, 0.0026, 12.5, 12.5, 9, 9, 1, 125, 1, 1, 0, 92, 94.11
SGD, 1, -1, 1, -1, 128, 128, 128, 128, 0.2, 0.0026, 0.0026, 12.5, 12.5, 9, 9, 1, 125, 1, 1, 0, 93, 93.09
SGD, 1, -1, 1, -1, 128, 128, 128, 128, 0.2, 0.0026, 0.0026, 12.5, 12.5, 9, 9, 1, 125, 1, 1, 0, 94, 93.47
SGD, 1, -1, 1, -1, 128, 128, 128, 128, 0.2, 0.0026, 0.0026, 12.5, 12.5, 9, 9, 1, 125, 1, 1, 0, 95, 91.91
SGD, 1, -1, 1, -1, 128, 128, 128, 128, 0.2, 0.0026, 0.0026, 12.5, 12.5, 9, 9, 1, 125, 1, 1, 0, 96, 93.89
SGD, 1, -1, 1, -1, 128, 128, 128, 128, 0.2, 0.0026, 0.0026, 12.5, 12.5, 9, 9, 1, 125, 1, 1, 0, 97, 92.83
SGD, 1, -1, 1, -1, 128, 128, 128, 128, 0.2, 0.0026, 0.0026, 12.5, 12.5, 9, 9, 1, 125, 1, 1, 0, 98, 93.62
SGD, 1, -1, 1, -1, 128, 128, 128, 128, 0.2, 0.0026, 0.0026, 12.5, 12.5, 9, 9, 1, 125, 1, 1, 0, 99, 94.21
SGD, 1, -1, 1, -1, 128, 128, 128, 128, 0.2, 0.0026, 0.0026, 12.5, 12.5, 9, 9, 1, 125, 1, 1, 0, 100, 93.47
SGD, 1, -1, 1, -1, 128, 128, 128, 128, 0.2, 0.0026, 0.0026, 12.5, 12.5, 9, 9, 1, 125, 1, 1, 0, 101, 93.76
SGD, 1, -1, 1, -1, 128, 128, 128, 128, 0.2, 0.0026, 0.0026, 12.5, 12.5, 9, 9, 1, 125, 1, 1, 0, 102, 93.6
SGD, 1, -1, 1, -1, 128, 128, 128, 128, 0.2, 0.0026, 0.0026, 12.5, 12.5, 9, 9, 1, 125, 1, 1, 0, 103, 94.07
SGD, 1, -1, 1, -1, 128, 128, 128, 128, 0.2, 0.0026, 0.0026, 12.5, 12.5, 9, 9, 1, 125, 1, 1, 0, 104, 93.75
SGD, 1, -1, 1, -1, 128, 128, 128, 128, 0.2, 0.0026, 0.0026, 12.5, 12.5, 9, 9, 1, 125, 1, 1, 0, 105, 93.78
SGD, 1, -1, 1, -1, 128, 128, 128, 128, 0.2, 0.0026, 0.0026, 12.5, 12.5, 9, 9, 1, 125, 1, 1, 0, 106, 93.72
SGD, 1, -1, 1, -1, 128, 128, 128, 128, 0.2, 0.0026, 0.0026, 12.5, 12.5, 9, 9, 1, 125, 1, 1, 0, 107, 93.88
SGD, 1, -1, 1, -1, 128, 128, 128, 128, 0.2, 0.0026, 0.0026, 12.5, 12.5, 9, 9, 1, 125, 1, 1, 0, 108, 93.11
SGD, 1, -1, 1, -1, 128, 128, 128, 128, 0.2, 0.0026, 0.0026, 12.5, 12.5, 9, 9, 1, 125, 1, 1, 0, 109, 93.78
SGD, 1, -1, 1, -1, 128, 128, 128, 128, 0.2, 0.0026, 0.0026, 12.5, 12.5, 9, 9, 1, 125, 1, 1, 0, 110, 94
SGD, 1, -1, 1, -1, 128, 128, 128, 128, 0.2, 0.0026, 0.0026, 12.5, 12.5, 9, 9, 1, 125, 1, 1, 0, 111, 94.17
SGD, 1, -1, 1, -1, 128, 128, 128, 128, 0.2, 0.0026, 0.0026, 12.5, 12.5, 9, 9, 1, 125, 1, 1, 0, 112, 93.71
SGD, 1, -1, 1, -1, 128, 128, 128, 128, 0.2, 0.0026, 0.0026, 12.5, 12.5, 9, 9, 1, 125, 1, 1, 0, 113, 93.33
SGD, 1, -1, 1, -1, 128, 128, 128, 128, 0.2, 0.0026, 0.0026, 12.5, 12.5, 9, 9, 1, 125, 1, 1, 0, 114, 93.73
SGD, 1, -1, 1, -1, 128, 128, 128, 128, 0.2, 0.0026, 0.0026, 12.5, 12.5, 9, 9, 1, 125, 1, 1, 0, 115, 93.58
SGD, 1, -1, 1, -1, 128, 128, 128, 128, 0.2, 0.0026, 0.0026, 12.5, 12.5, 9, 9, 1, 125, 1, 1, 0, 116, 93.62
SGD, 1, -1, 1, -1, 128, 128, 128, 128, 0.2, 0.0026, 0.0026, 12.5, 12.5, 9, 9, 1, 125, 1, 1, 0, 117, 93.81
SGD, 1, -1, 1, -1, 128, 128, 128, 128, 0.2, 0.0026, 0.0026, 12.5, 12.5, 9, 9, 1, 125, 1, 1, 0, 118, 94.05
SGD, 1, -1, 1, -1, 128, 128, 128, 128, 0.2, 0.0026, 0.0026, 12.5, 12.5, 9, 9, 1, 125, 1, 1, 0, 119, 93.15
SGD, 1, -1, 1, -1, 128, 128, 128, 128, 0.2, 0.0026, 0.0026, 12.5, 12.5, 9, 9, 1, 125, 1, 1, 0, 120, 94.25
SGD, 1, -1, 1, -1, 128, 128, 128, 128, 0.2, 0.0026, 0.0026, 12.5, 12.5, 9, 9, 1, 125, 1, 1, 0, 121, 93.94
SGD, 1, -1, 1, -1, 128, 128, 128, 128, 0.2, 0.0026, 0.0026, 12.5, 12.5, 9, 9, 1, 125, 1, 1, 0, 122, 93.65
SGD, 1, -1, 1, -1, 128, 128, 128, 128, 0.2, 0.0026, 0.0026, 12.5, 12.5, 9, 9, 1, 125, 1, 1, 0, 123, 94.14
SGD, 1, -1, 1, -1, 128, 128, 128, 128, 0.2, 0.0026, 0.0026, 12.5, 12.5, 9, 9, 1, 125, 1, 1, 0, 124, 94.48
SGD, 1, -1, 1, -1, 128, 128, 128, 128, 0.2, 0.0026, 0.0026, 12.5, 12.5, 9, 9, 1, 125, 1, 1, 0, 125, 94.17
SGD, 1, -1, 1, -1, 128, 128, 128, 128, 0.2, 0.0028, 0.0028, 12.5, 12.5, 9, 9, 1, 125, 1, 1, 0, 1, 51.5
SGD, 1, -1, 1, -1, 128, 128, 128, 128, 0.2, 0.0028, 0.0028, 12.5, 12.5, 9, 9, 1, 125, 1, 1, 0, 2, 66.56
SGD, 1, -1, 1, -1, 128, 128, 128, 128, 0.2, 0.0028, 0.0028, 12.5, 12.5, 9, 9, 1, 125, 1, 1, 0, 3, 77.46
SGD, 1, -1, 1, -1, 128, 128, 128, 128, 0.2, 0.0028, 0.0028, 12.5, 12.5, 9, 9, 1, 125, 1, 1, 0, 4, 78.85
SGD, 1, -1, 1, -1, 128, 128, 128, 128, 0.2, 0.0028, 0.0028, 12.5, 12.5, 9, 9, 1, 125, 1, 1, 0, 5, 79.97
SGD, 1, -1, 1, -1, 128, 128, 128, 128, 0.2, 0.0028, 0.0028, 12.5, 12.5, 9, 9, 1, 125, 1, 1, 0, 6, 80.26
SGD, 1, -1, 1, -1, 128, 128, 128, 128, 0.2, 0.0028, 0.0028, 12.5, 12.5, 9, 9, 1, 125, 1, 1, 0, 7, 89.21
SGD, 1, -1, 1, -1, 128, 128, 128, 128, 0.2, 0.0028, 0.0028, 12.5, 12.5, 9, 9, 1, 125, 1, 1, 0, 8, 90.78
SGD, 1, -1, 1, -1, 128, 128, 128, 128, 0.2, 0.0028, 0.0028, 12.5, 12.5, 9, 9, 1, 125, 1, 1, 0, 9, 90.99
SGD, 1, -1, 1, -1, 128, 128, 128, 128, 0.2, 0.0028, 0.0028, 12.5, 12.5, 9, 9, 1, 125, 1, 1, 0, 10, 91.05
SGD, 1, -1, 1, -1, 128, 128, 128, 128, 0.2, 0.0028, 0.0028, 12.5, 12.5, 9, 9, 1, 125, 1, 1, 0, 11, 91.12
SGD, 1, -1, 1, -1, 128, 128, 128, 128, 0.2, 0.0028, 0.0028, 12.5, 12.5, 9, 9, 1, 125, 1, 1, 0, 12, 91.72
SGD, 1, -1, 1, -1, 128, 128, 128, 128, 0.2, 0.0028, 0.0028, 12.5, 12.5, 9, 9, 1, 125, 1, 1, 0, 13, 91.29
SGD, 1, -1, 1, -1, 128, 128, 128, 128, 0.2, 0.0028, 0.0028, 12.5, 12.5, 9, 9, 1, 125, 1, 1, 0, 14, 91.43
SGD, 1, -1, 1, -1, 128, 128, 128, 128, 0.2, 0.0028, 0.0028, 12.5, 12.5, 9, 9, 1, 125, 1, 1, 0, 15, 91.14
SGD, 1, -1, 1, -1, 128, 128, 128, 128, 0.2, 0.0028, 0.0028, 12.5, 12.5, 9, 9, 1, 125, 1, 1, 0, 16, 90.38
SGD, 1, -1, 1, -1, 128, 128, 128, 128, 0.2, 0.0028, 0.0028, 12.5, 12.5, 9, 9, 1, 125, 1, 1, 0, 17, 90.71
SGD, 1, -1, 1, -1, 128, 128, 128, 128, 0.2, 0.0028, 0.0028, 12.5, 12.5, 9, 9, 1, 125, 1, 1, 0, 18, 92.87
SGD, 1, -1, 1, -1, 128, 128, 128, 128, 0.2, 0.0028, 0.0028, 12.5, 12.5, 9, 9, 1, 125, 1, 1, 0, 19, 91.94
SGD, 1, -1, 1, -1, 128, 128, 128, 128, 0.2, 0.0028, 0.0028, 12.5, 12.5, 9, 9, 1, 125, 1, 1, 0, 20, 92.51
SGD, 1, -1, 1, -1, 128, 128, 128, 128, 0.2, 0.0028, 0.0028, 12.5, 12.5, 9, 9, 1, 125, 1, 1, 0, 21, 93.27
SGD, 1, -1, 1, -1, 128, 128, 128, 128, 0.2, 0.0028, 0.0028, 12.5, 12.5, 9, 9, 1, 125, 1, 1, 0, 22, 92.61
SGD, 1, -1, 1, -1, 128, 128, 128, 128, 0.2, 0.0028, 0.0028, 12.5, 12.5, 9, 9, 1, 125, 1, 1, 0, 23, 92.29
SGD, 1, -1, 1, -1, 128, 128, 128, 128, 0.2, 0.0028, 0.0028, 12.5, 12.5, 9, 9, 1, 125, 1, 1, 0, 24, 92.65
SGD, 1, -1, 1, -1, 128, 128, 128, 128, 0.2, 0.0028, 0.0028, 12.5, 12.5, 9, 9, 1, 125, 1, 1, 0, 25, 90.58
SGD, 1, -1, 1, -1, 128, 128, 128, 128, 0.2, 0.0028, 0.0028, 12.5, 12.5, 9, 9, 1, 125, 1, 1, 0, 26, 92.12
SGD, 1, -1, 1, -1, 128, 128, 128, 128, 0.2, 0.0028, 0.0028, 12.5, 12.5, 9, 9, 1, 125, 1, 1, 0, 27, 92.8
SGD, 1, -1, 1, -1, 128, 128, 128, 128, 0.2, 0.0028, 0.0028, 12.5, 12.5, 9, 9, 1, 125, 1, 1, 0, 28, 92.64
SGD, 1, -1, 1, -1, 128, 128, 128, 128, 0.2, 0.0028, 0.0028, 12.5, 12.5, 9, 9, 1, 125, 1, 1, 0, 29, 92.1
SGD, 1, -1, 1, -1, 128, 128, 128, 128, 0.2, 0.0028, 0.0028, 12.5, 12.5, 9, 9, 1, 125, 1, 1, 0, 30, 92.76
SGD, 1, -1, 1, -1, 128, 128, 128, 128, 0.2, 0.0028, 0.0028, 12.5, 12.5, 9, 9, 1, 125, 1, 1, 0, 31, 92.99
SGD, 1, -1, 1, -1, 128, 128, 128, 128, 0.2, 0.0028, 0.0028, 12.5, 12.5, 9, 9, 1, 125, 1, 1, 0, 32, 92.7
SGD, 1, -1, 1, -1, 128, 128, 128, 128, 0.2, 0.0028, 0.0028, 12.5, 12.5, 9, 9, 1, 125, 1, 1, 0, 33, 93.13
SGD, 1, -1, 1, -1, 128, 128, 128, 128, 0.2, 0.0028, 0.0028, 12.5, 12.5, 9, 9, 1, 125, 1, 1, 0, 34, 93.18
SGD, 1, -1, 1, -1, 128, 128, 128, 128, 0.2, 0.0028, 0.0028, 12.5, 12.5, 9, 9, 1, 125, 1, 1, 0, 35, 92.61
SGD, 1, -1, 1, -1, 128, 128, 128, 128, 0.2, 0.0028, 0.0028, 12.5, 12.5, 9, 9, 1, 125, 1, 1, 0, 36, 92.19
SGD, 1, -1, 1, -1, 128, 128, 128, 128, 0.2, 0.0028, 0.0028, 12.5, 12.5, 9, 9, 1, 125, 1, 1, 0, 37, 91.98
SGD, 1, -1, 1, -1, 128, 128, 128, 128, 0.2, 0.0028, 0.0028, 12.5, 12.5, 9, 9, 1, 125, 1, 1, 0, 38, 93.08
SGD, 1, -1, 1, -1, 128, 128, 128, 128, 0.2, 0.0028, 0.0028, 12.5, 12.5, 9, 9, 1, 125, 1, 1, 0, 39, 93.1
SGD, 1, -1, 1, -1, 128, 128, 128, 128, 0.2, 0.0028, 0.0028, 12.5, 12.5, 9, 9, 1, 125, 1, 1, 0, 40, 93.21
SGD, 1, -1, 1, -1, 128, 128, 128, 128, 0.2, 0.0028, 0.0028, 12.5, 12.5, 9, 9, 1, 125, 1, 1, 0, 41, 93.1
SGD, 1, -1, 1, -1, 128, 128, 128, 128, 0.2, 0.0028, 0.0028, 12.5, 12.5, 9, 9, 1, 125, 1, 1, 0, 42, 92.7
SGD, 1, -1, 1, -1, 128, 128, 128, 128, 0.2, 0.0028, 0.0028, 12.5, 12.5, 9, 9, 1, 125, 1, 1, 0, 43, 93.23
SGD, 1, -1, 1, -1, 128, 128, 128, 128, 0.2, 0.0028, 0.0028, 12.5, 12.5, 9, 9, 1, 125, 1, 1, 0, 44, 93.34
SGD, 1, -1, 1, -1, 128, 128, 128, 128, 0.2, 0.0028, 0.0028, 12.5, 12.5, 9, 9, 1, 125, 1, 1, 0, 45, 93.18
SGD, 1, -1, 1, -1, 128, 128, 128, 128, 0.2, 0.0028, 0.0028, 12.5, 12.5, 9, 9, 1, 125, 1, 1, 0, 46, 92.59
SGD, 1, -1, 1, -1, 128, 128, 128, 128, 0.2, 0.0028, 0.0028, 12.5, 12.5, 9, 9, 1, 125, 1, 1, 0, 47, 93.28
SGD, 1, -1, 1, -1, 128, 128, 128, 128, 0.2, 0.0028, 0.0028, 12.5, 12.5, 9, 9, 1, 125, 1, 1, 0, 48, 93.5
SGD, 1, -1, 1, -1, 128, 128, 128, 128, 0.2, 0.0028, 0.0028, 12.5, 12.5, 9, 9, 1, 125, 1, 1, 0, 49, 92.95
SGD, 1, -1, 1, -1, 128, 128, 128, 128, 0.2, 0.0028, 0.0028, 12.5, 12.5, 9, 9, 1, 125, 1, 1, 0, 50, 93.15
SGD, 1, -1, 1, -1, 128, 128, 128, 128, 0.2, 0.0028, 0.0028, 12.5, 12.5, 9, 9, 1, 125, 1, 1, 0, 51, 93.31
SGD, 1, -1, 1, -1, 128, 128, 128, 128, 0.2, 0.0028, 0.0028, 12.5, 12.5, 9, 9, 1, 125, 1, 1, 0, 52, 92.82
SGD, 1, -1, 1, -1, 128, 128, 128, 128, 0.2, 0.0028, 0.0028, 12.5, 12.5, 9, 9, 1, 125, 1, 1, 0, 53, 93.29
SGD, 1, -1, 1, -1, 128, 128, 128, 128, 0.2, 0.0028, 0.0028, 12.5, 12.5, 9, 9, 1, 125, 1, 1, 0, 54, 93.83
SGD, 1, -1, 1, -1, 128, 128, 128, 128, 0.2, 0.0028, 0.0028, 12.5, 12.5, 9, 9, 1, 125, 1, 1, 0, 55, 92.88
SGD, 1, -1, 1, -1, 128, 128, 128, 128, 0.2, 0.0028, 0.0028, 12.5, 12.5, 9, 9, 1, 125, 1, 1, 0, 56, 93.28
SGD, 1, -1, 1, -1, 128, 128, 128, 128, 0.2, 0.0028, 0.0028, 12.5, 12.5, 9, 9, 1, 125, 1, 1, 0, 57, 93.63
SGD, 1, -1, 1, -1, 128, 128, 128, 128, 0.2, 0.0028, 0.0028, 12.5, 12.5, 9, 9, 1, 125, 1, 1, 0, 58, 93.74
SGD, 1, -1, 1, -1, 128, 128, 128, 128, 0.2, 0.0028, 0.0028, 12.5, 12.5, 9, 9, 1, 125, 1, 1, 0, 59, 93.72
SGD, 1, -1, 1, -1, 128, 128, 128, 128, 0.2, 0.0028, 0.0028, 12.5, 12.5, 9, 9, 1, 125, 1, 1, 0, 60, 93.47
SGD, 1, -1, 1, -1, 128, 128, 128, 128, 0.2, 0.0028, 0.0028, 12.5, 12.5, 9, 9, 1, 125, 1, 1, 0, 61, 93.46
SGD, 1, -1, 1, -1, 128, 128, 128, 128, 0.2, 0.0028, 0.0028, 12.5, 12.5, 9, 9, 1, 125, 1, 1, 0, 62, 92.99
SGD, 1, -1, 1, -1, 128, 128, 128, 128, 0.2, 0.0028, 0.0028, 12.5, 12.5, 9, 9, 1, 125, 1, 1, 0, 63, 93.78
SGD, 1, -1, 1, -1, 128, 128, 128, 128, 0.2, 0.0028, 0.0028, 12.5, 12.5, 9, 9, 1, 125, 1, 1, 0, 64, 92.45
SGD, 1, -1, 1, -1, 128, 128, 128, 128, 0.2, 0.0028, 0.0028, 12.5, 12.5, 9, 9, 1, 125, 1, 1, 0, 65, 92.34
SGD, 1, -1, 1, -1, 128, 128, 128, 128, 0.2, 0.0028, 0.0028, 12.5, 12.5, 9, 9, 1, 125, 1, 1, 0, 66, 93.07
SGD, 1, -1, 1, -1, 128, 128, 128, 128, 0.2, 0.0028, 0.0028, 12.5, 12.5, 9, 9, 1, 125, 1, 1, 0, 67, 93.34
SGD, 1, -1, 1, -1, 128, 128, 128, 128, 0.2, 0.0028, 0.0028, 12.5, 12.5, 9, 9, 1, 125, 1, 1, 0, 68, 93.4
SGD, 1, -1, 1, -1, 128, 128, 128, 128, 0.2, 0.0028, 0.0028, 12.5, 12.5, 9, 9, 1, 125, 1, 1, 0, 69, 93.19
SGD, 1, -1, 1, -1, 128, 128, 128, 128, 0.2, 0.0028, 0.0028, 12.5, 12.5, 9, 9, 1, 125, 1, 1, 0, 70, 93.78
SGD, 1, -1, 1, -1, 128, 128, 128, 128, 0.2, 0.0028, 0.0028, 12.5, 12.5, 9, 9, 1, 125, 1, 1, 0, 71, 93.5
SGD, 1, -1, 1, -1, 128, 128, 128, 128, 0.2, 0.0028, 0.0028, 12.5, 12.5, 9, 9, 1, 125, 1, 1, 0, 72, 93.7
SGD, 1, -1, 1, -1, 128, 128, 128, 128, 0.2, 0.0028, 0.0028, 12.5, 12.5, 9, 9, 1, 125, 1, 1, 0, 73, 93.69
SGD, 1, -1, 1, -1, 128, 128, 128, 128, 0.2, 0.0028, 0.0028, 12.5, 12.5, 9, 9, 1, 125, 1, 1, 0, 74, 93.23
SGD, 1, -1, 1, -1, 128, 128, 128, 128, 0.2, 0.0028, 0.0028, 12.5, 12.5, 9, 9, 1, 125, 1, 1, 0, 75, 94.06
SGD, 1, -1, 1, -1, 128, 128, 128, 128, 0.2, 0.0028, 0.0028, 12.5, 12.5, 9, 9, 1, 125, 1, 1, 0, 76, 93.33
SGD, 1, -1, 1, -1, 128, 128, 128, 128, 0.2, 0.0028, 0.0028, 12.5, 12.5, 9, 9, 1, 125, 1, 1, 0, 77, 93.68
SGD, 1, -1, 1, -1, 128, 128, 128, 128, 0.2, 0.0028, 0.0028, 12.5, 12.5, 9, 9, 1, 125, 1, 1, 0, 78, 93.48
SGD, 1, -1, 1, -1, 128, 128, 128, 128, 0.2, 0.0028, 0.0028, 12.5, 12.5, 9, 9, 1, 125, 1, 1, 0, 79, 93.41
SGD, 1, -1, 1, -1, 128, 128, 128, 128, 0.2, 0.0028, 0.0028, 12.5, 12.5, 9, 9, 1, 125, 1, 1, 0, 80, 93.76
SGD, 1, -1, 1, -1, 128, 128, 128, 128, 0.2, 0.0028, 0.0028, 12.5, 12.5, 9, 9, 1, 125, 1, 1, 0, 81, 93.59
SGD, 1, -1, 1, -1, 128, 128, 128, 128, 0.2, 0.0028, 0.0028, 12.5, 12.5, 9, 9, 1, 125, 1, 1, 0, 82, 93.48
SGD, 1, -1, 1, -1, 128, 128, 128, 128, 0.2, 0.0028, 0.0028, 12.5, 12.5, 9, 9, 1, 125, 1, 1, 0, 83, 94.14
SGD, 1, -1, 1, -1, 128, 128, 128, 128, 0.2, 0.0028, 0.0028, 12.5, 12.5, 9, 9, 1, 125, 1, 1, 0, 84, 93.59
SGD, 1, -1, 1, -1, 128, 128, 128, 128, 0.2, 0.0028, 0.0028, 12.5, 12.5, 9, 9, 1, 125, 1, 1, 0, 85, 93.04
SGD, 1, -1, 1, -1, 128, 128, 128, 128, 0.2, 0.0028, 0.0028, 12.5, 12.5, 9, 9, 1, 125, 1, 1, 0, 86, 93.78
SGD, 1, -1, 1, -1, 128, 128, 128, 128, 0.2, 0.0028, 0.0028, 12.5, 12.5, 9, 9, 1, 125, 1, 1, 0, 87, 93.14
SGD, 1, -1, 1, -1, 128, 128, 128, 128, 0.2, 0.0028, 0.0028, 12.5, 12.5, 9, 9, 1, 125, 1, 1, 0, 88, 93.8
SGD, 1, -1, 1, -1, 128, 128, 128, 128, 0.2, 0.0028, 0.0028, 12.5, 12.5, 9, 9, 1, 125, 1, 1, 0, 89, 93.54
SGD, 1, -1, 1, -1, 128, 128, 128, 128, 0.2, 0.0028, 0.0028, 12.5, 12.5, 9, 9, 1, 125, 1, 1, 0, 90, 93.53
SGD, 1, -1, 1, -1, 128, 128, 128, 128, 0.2, 0.0028, 0.0028, 12.5, 12.5, 9, 9, 1, 125, 1, 1, 0, 91, 93.83
SGD, 1, -1, 1, -1, 128, 128, 128, 128, 0.2, 0.0028, 0.0028, 12.5, 12.5, 9, 9, 1, 125, 1, 1, 0, 92, 94.01
SGD, 1, -1, 1, -1, 128, 128, 128, 128, 0.2, 0.0028, 0.0028, 12.5, 12.5, 9, 9, 1, 125, 1, 1, 0, 93, 92.72
SGD, 1, -1, 1, -1, 128, 128, 128, 128, 0.2, 0.0028, 0.0028, 12.5, 12.5, 9, 9, 1, 125, 1, 1, 0, 94, 92.22
SGD, 1, -1, 1, -1, 128, 128, 128, 128, 0.2, 0.0028, 0.0028, 12.5, 12.5, 9, 9, 1, 125, 1, 1, 0, 95, 93.56
SGD, 1, -1, 1, -1, 128, 128, 128, 128, 0.2, 0.0028, 0.0028, 12.5, 12.5, 9, 9, 1, 125, 1, 1, 0, 96, 93.87
SGD, 1, -1, 1, -1, 128, 128, 128, 128, 0.2, 0.0028, 0.0028, 12.5, 12.5, 9, 9, 1, 125, 1, 1, 0, 97, 93.05
SGD, 1, -1, 1, -1, 128, 128, 128, 128, 0.2, 0.0028, 0.0028, 12.5, 12.5, 9, 9, 1, 125, 1, 1, 0, 98, 93.73
SGD, 1, -1, 1, -1, 128, 128, 128, 128, 0.2, 0.0028, 0.0028, 12.5, 12.5, 9, 9, 1, 125, 1, 1, 0, 99, 93.95
SGD, 1, -1, 1, -1, 128, 128, 128, 128, 0.2, 0.0028, 0.0028, 12.5, 12.5, 9, 9, 1, 125, 1, 1, 0, 100, 93.35
SGD, 1, -1, 1, -1, 128, 128, 128, 128, 0.2, 0.0028, 0.0028, 12.5, 12.5, 9, 9, 1, 125, 1, 1, 0, 101, 93.83
SGD, 1, -1, 1, -1, 128, 128, 128, 128, 0.2, 0.0028, 0.0028, 12.5, 12.5, 9, 9, 1, 125, 1, 1, 0, 102, 93.3
SGD, 1, -1, 1, -1, 128, 128, 128, 128, 0.2, 0.0028, 0.0028, 12.5, 12.5, 9, 9, 1, 125, 1, 1, 0, 103, 93.85
SGD, 1, -1, 1, -1, 128, 128, 128, 128, 0.2, 0.0028, 0.0028, 12.5, 12.5, 9, 9, 1, 125, 1, 1, 0, 104, 93.64
SGD, 1, -1, 1, -1, 128, 128, 128, 128, 0.2, 0.0028, 0.0028, 12.5, 12.5, 9, 9, 1, 125, 1, 1, 0, 105, 93.52
SGD, 1, -1, 1, -1, 128, 128, 128, 128, 0.2, 0.0028, 0.0028, 12.5, 12.5, 9, 9, 1, 125, 1, 1, 0, 106, 93.8
SGD, 1, -1, 1, -1, 128, 128, 128, 128, 0.2, 0.0028, 0.0028, 12.5, 12.5, 9, 9, 1, 125, 1, 1, 0, 107, 93.8
SGD, 1, -1, 1, -1, 128, 128, 128, 128, 0.2, 0.0028, 0.0028, 12.5, 12.5, 9, 9, 1, 125, 1, 1, 0, 108, 93.36
SGD, 1, -1, 1, -1, 128, 128, 128, 128, 0.2, 0.0028, 0.0028, 12.5, 12.5, 9, 9, 1, 125, 1, 1, 0, 109, 93.46
SGD, 1, -1, 1, -1, 128, 128, 128, 128, 0.2, 0.0028, 0.0028, 12.5, 12.5, 9, 9, 1, 125, 1, 1, 0, 110, 94.21
SGD, 1, -1, 1, -1, 128, 128, 128, 128, 0.2, 0.0028, 0.0028, 12.5, 12.5, 9, 9, 1, 125, 1, 1, 0, 111, 94.01
SGD, 1, -1, 1, -1, 128, 128, 128, 128, 0.2, 0.0028, 0.0028, 12.5, 12.5, 9, 9, 1, 125, 1, 1, 0, 112, 93.64
SGD, 1, -1, 1, -1, 128, 128, 128, 128, 0.2, 0.0028, 0.0028, 12.5, 12.5, 9, 9, 1, 125, 1, 1, 0, 113, 92.52
SGD, 1, -1, 1, -1, 128, 128, 128, 128, 0.2, 0.0028, 0.0028, 12.5, 12.5, 9, 9, 1, 125, 1, 1, 0, 114, 93.57
SGD, 1, -1, 1, -1, 128, 128, 128, 128, 0.2, 0.0028, 0.0028, 12.5, 12.5, 9, 9, 1, 125, 1, 1, 0, 115, 92.86
SGD, 1, -1, 1, -1, 128, 128, 128, 128, 0.2, 0.0028, 0.0028, 12.5, 12.5, 9, 9, 1, 125, 1, 1, 0, 116, 93.73
SGD, 1, -1, 1, -1, 128, 128, 128, 128, 0.2, 0.0028, 0.0028, 12.5, 12.5, 9, 9, 1, 125, 1, 1, 0, 117, 93.88
SGD, 1, -1, 1, -1, 128, 128, 128, 128, 0.2, 0.0028, 0.0028, 12.5, 12.5, 9, 9, 1, 125, 1, 1, 0, 118, 94.07
SGD, 1, -1, 1, -1, 128, 128, 128, 128, 0.2, 0.0028, 0.0028, 12.5, 12.5, 9, 9, 1, 125, 1, 1, 0, 119, 93.51
SGD, 1, -1, 1, -1, 128, 128, 128, 128, 0.2, 0.0028, 0.0028, 12.5, 12.5, 9, 9, 1, 125, 1, 1, 0, 120, 93.77
SGD, 1, -1, 1, -1, 128, 128, 128, 128, 0.2, 0.0028, 0.0028, 12.5, 12.5, 9, 9, 1, 125, 1, 1, 0, 121, 93.57
SGD, 1, -1, 1, -1, 128, 128, 128, 128, 0.2, 0.0028, 0.0028, 12.5, 12.5, 9, 9, 1, 125, 1, 1, 0, 122, 93.22
SGD, 1, -1, 1, -1, 128, 128, 128, 128, 0.2, 0.0028, 0.0028, 12.5, 12.5, 9, 9, 1, 125, 1, 1, 0, 123, 94.34
SGD, 1, -1, 1, -1, 128, 128, 128, 128, 0.2, 0.0028, 0.0028, 12.5, 12.5, 9, 9, 1, 125, 1, 1, 0, 124, 93.94
SGD, 1, -1, 1, -1, 128, 128, 128, 128, 0.2, 0.0028, 0.0028, 12.5, 12.5, 9, 9, 1, 125, 1, 1, 0, 125, 93.91
SGD, 1, -1, 1, -1, 128, 128, 128, 128, 0.2, 0.002, 0.002, 12.5, 12.5, 10, 10, 1, 125, 1, 1, 0, 1, 57.7
SGD, 1, -1, 1, -1, 128, 128, 128, 128, 0.2, 0.002, 0.002, 12.5, 12.5, 10, 10, 1, 125, 1, 1, 0, 2, 73.01
SGD, 1, -1, 1, -1, 128, 128, 128, 128, 0.2, 0.002, 0.002, 12.5, 12.5, 10, 10, 1, 125, 1, 1, 0, 3, 84.58
SGD, 1, -1, 1, -1, 128, 128, 128, 128, 0.2, 0.002, 0.002, 12.5, 12.5, 10, 10, 1, 125, 1, 1, 0, 4, 88.93
SGD, 1, -1, 1, -1, 128, 128, 128, 128, 0.2, 0.002, 0.002, 12.5, 12.5, 10, 10, 1, 125, 1, 1, 0, 5, 89.19
SGD, 1, -1, 1, -1, 128, 128, 128, 128, 0.2, 0.002, 0.002, 12.5, 12.5, 10, 10, 1, 125, 1, 1, 0, 6, 89.33
SGD, 1, -1, 1, -1, 128, 128, 128, 128, 0.2, 0.002, 0.002, 12.5, 12.5, 10, 10, 1, 125, 1, 1, 0, 7, 89.97
SGD, 1, -1, 1, -1, 128, 128, 128, 128, 0.2, 0.002, 0.002, 12.5, 12.5, 10, 10, 1, 125, 1, 1, 0, 8, 90.24
SGD, 1, -1, 1, -1, 128, 128, 128, 128, 0.2, 0.002, 0.002, 12.5, 12.5, 10, 10, 1, 125, 1, 1, 0, 9, 91.84
SGD, 1, -1, 1, -1, 128, 128, 128, 128, 0.2, 0.002, 0.002, 12.5, 12.5, 10, 10, 1, 125, 1, 1, 0, 10, 91.86
SGD, 1, -1, 1, -1, 128, 128, 128, 128, 0.2, 0.002, 0.002, 12.5, 12.5, 10, 10, 1, 125, 1, 1, 0, 11, 90.85
SGD, 1, -1, 1, -1, 128, 128, 128, 128, 0.2, 0.002, 0.002, 12.5, 12.5, 10, 10, 1, 125, 1, 1, 0, 12, 92.05
SGD, 1, -1, 1, -1, 128, 128, 128, 128, 0.2, 0.002, 0.002, 12.5, 12.5, 10, 10, 1, 125, 1, 1, 0, 13, 91.62
SGD, 1, -1, 1, -1, 128, 128, 128, 128, 0.2, 0.002, 0.002, 12.5, 12.5, 10, 10, 1, 125, 1, 1, 0, 14, 91.89
SGD, 1, -1, 1, -1, 128, 128, 128, 128, 0.2, 0.002, 0.002, 12.5, 12.5, 10, 10, 1, 125, 1, 1, 0, 15, 91.46
SGD, 1, -1, 1, -1, 128, 128, 128, 128, 0.2, 0.002, 0.002, 12.5, 12.5, 10, 10, 1, 125, 1, 1, 0, 16, 92.11
SGD, 1, -1, 1, -1, 128, 128, 128, 128, 0.2, 0.002, 0.002, 12.5, 12.5, 10, 10, 1, 125, 1, 1, 0, 17, 90.65
SGD, 1, -1, 1, -1, 128, 128, 128, 128, 0.2, 0.002, 0.002, 12.5, 12.5, 10, 10, 1, 125, 1, 1, 0, 18, 92.11
SGD, 1, -1, 1, -1, 128, 128, 128, 128, 0.2, 0.002, 0.002, 12.5, 12.5, 10, 10, 1, 125, 1, 1, 0, 19, 92.75
SGD, 1, -1, 1, -1, 128, 128, 128, 128, 0.2, 0.002, 0.002, 12.5, 12.5, 10, 10, 1, 125, 1, 1, 0, 20, 92.17
SGD, 1, -1, 1, -1, 128, 128, 128, 128, 0.2, 0.002, 0.002, 12.5, 12.5, 10, 10, 1, 125, 1, 1, 0, 21, 92.84
SGD, 1, -1, 1, -1, 128, 128, 128, 128, 0.2, 0.002, 0.002, 12.5, 12.5, 10, 10, 1, 125, 1, 1, 0, 22, 92.1
SGD, 1, -1, 1, -1, 128, 128, 128, 128, 0.2, 0.002, 0.002, 12.5, 12.5, 10, 10, 1, 125, 1, 1, 0, 23, 92.91
SGD, 1, -1, 1, -1, 128, 128, 128, 128, 0.2, 0.002, 0.002, 12.5, 12.5, 10, 10, 1, 125, 1, 1, 0, 24, 92.68
SGD, 1, -1, 1, -1, 128, 128, 128, 128, 0.2, 0.002, 0.002, 12.5, 12.5, 10, 10, 1, 125, 1, 1, 0, 25, 91.44
SGD, 1, -1, 1, -1, 128, 128, 128, 128, 0.2, 0.002, 0.002, 12.5, 12.5, 10, 10, 1, 125, 1, 1, 0, 26, 91.95
SGD, 1, -1, 1, -1, 128, 128, 128, 128, 0.2, 0.002, 0.002, 12.5, 12.5, 10, 10, 1, 125, 1, 1, 0, 27, 92.41
SGD, 1, -1, 1, -1, 128, 128, 128, 128, 0.2, 0.002, 0.002, 12.5, 12.5, 10, 10, 1, 125, 1, 1, 0, 28, 92.93
SGD, 1, -1, 1, -1, 128, 128, 128, 128, 0.2, 0.002, 0.002, 12.5, 12.5, 10, 10, 1, 125, 1, 1, 0, 29, 92.4
SGD, 1, -1, 1, -1, 128, 128, 128, 128, 0.2, 0.002, 0.002, 12.5, 12.5, 10, 10, 1, 125, 1, 1, 0, 30, 93.27
SGD, 1, -1, 1, -1, 128, 128, 128, 128, 0.2, 0.002, 0.002, 12.5, 12.5, 10, 10, 1, 125, 1, 1, 0, 31, 92.93
SGD, 1, -1, 1, -1, 128, 128, 128, 128, 0.2, 0.002, 0.002, 12.5, 12.5, 10, 10, 1, 125, 1, 1, 0, 32, 92.88
SGD, 1, -1, 1, -1, 128, 128, 128, 128, 0.2, 0.002, 0.002, 12.5, 12.5, 10, 10, 1, 125, 1, 1, 0, 33, 93.33
SGD, 1, -1, 1, -1, 128, 128, 128, 128, 0.2, 0.002, 0.002, 12.5, 12.5, 10, 10, 1, 125, 1, 1, 0, 34, 92.95
SGD, 1, -1, 1, -1, 128, 128, 128, 128, 0.2, 0.002, 0.002, 12.5, 12.5, 10, 10, 1, 125, 1, 1, 0, 35, 93.08
SGD, 1, -1, 1, -1, 128, 128, 128, 128, 0.2, 0.002, 0.002, 12.5, 12.5, 10, 10, 1, 125, 1, 1, 0, 36, 93.05
SGD, 1, -1, 1, -1, 128, 128, 128, 128, 0.2, 0.002, 0.002, 12.5, 12.5, 10, 10, 1, 125, 1, 1, 0, 37, 92.71
SGD, 1, -1, 1, -1, 128, 128, 128, 128, 0.2, 0.002, 0.002, 12.5, 12.5, 10, 10, 1, 125, 1, 1, 0, 38, 93.37
SGD, 1, -1, 1, -1, 128, 128, 128, 128, 0.2, 0.002, 0.002, 12.5, 12.5, 10, 10, 1, 125, 1, 1, 0, 39, 92.8
SGD, 1, -1, 1, -1, 128, 128, 128, 128, 0.2, 0.002, 0.002, 12.5, 12.5, 10, 10, 1, 125, 1, 1, 0, 40, 93.19
SGD, 1, -1, 1, -1, 128, 128, 128, 128, 0.2, 0.002, 0.002, 12.5, 12.5, 10, 10, 1, 125, 1, 1, 0, 41, 93.2
SGD, 1, -1, 1, -1, 128, 128, 128, 128, 0.2, 0.002, 0.002, 12.5, 12.5, 10, 10, 1, 125, 1, 1, 0, 42, 93.69
SGD, 1, -1, 1, -1, 128, 128, 128, 128, 0.2, 0.002, 0.002, 12.5, 12.5, 10, 10, 1, 125, 1, 1, 0, 43, 93.03
SGD, 1, -1, 1, -1, 128, 128, 128, 128, 0.2, 0.002, 0.002, 12.5, 12.5, 10, 10, 1, 125, 1, 1, 0, 44, 92.58
SGD, 1, -1, 1, -1, 128, 128, 128, 128, 0.2, 0.002, 0.002, 12.5, 12.5, 10, 10, 1, 125, 1, 1, 0, 45, 93.05
SGD, 1, -1, 1, -1, 128, 128, 128, 128, 0.2, 0.002, 0.002, 12.5, 12.5, 10, 10, 1, 125, 1, 1, 0, 46, 93.68
SGD, 1, -1, 1, -1, 128, 128, 128, 128, 0.2, 0.002, 0.002, 12.5, 12.5, 10, 10, 1, 125, 1, 1, 0, 47, 92.92
SGD, 1, -1, 1, -1, 128, 128, 128, 128, 0.2, 0.002, 0.002, 12.5, 12.5, 10, 10, 1, 125, 1, 1, 0, 48, 93.05
SGD, 1, -1, 1, -1, 128, 128, 128, 128, 0.2, 0.002, 0.002, 12.5, 12.5, 10, 10, 1, 125, 1, 1, 0, 49, 93.34
SGD, 1, -1, 1, -1, 128, 128, 128, 128, 0.2, 0.002, 0.002, 12.5, 12.5, 10, 10, 1, 125, 1, 1, 0, 50, 93.18
SGD, 1, -1, 1, -1, 128, 128, 128, 128, 0.2, 0.002, 0.002, 12.5, 12.5, 10, 10, 1, 125, 1, 1, 0, 51, 93.61
SGD, 1, -1, 1, -1, 128, 128, 128, 128, 0.2, 0.002, 0.002, 12.5, 12.5, 10, 10, 1, 125, 1, 1, 0, 52, 93.5
SGD, 1, -1, 1, -1, 128, 128, 128, 128, 0.2, 0.002, 0.002, 12.5, 12.5, 10, 10, 1, 125, 1, 1, 0, 53, 93.46
SGD, 1, -1, 1, -1, 128, 128, 128, 128, 0.2, 0.002, 0.002, 12.5, 12.5, 10, 10, 1, 125, 1, 1, 0, 54, 93.66
SGD, 1, -1, 1, -1, 128, 128, 128, 128, 0.2, 0.002, 0.002, 12.5, 12.5, 10, 10, 1, 125, 1, 1, 0, 55, 93.61
SGD, 1, -1, 1, -1, 128, 128, 128, 128, 0.2, 0.002, 0.002, 12.5, 12.5, 10, 10, 1, 125, 1, 1, 0, 56, 92.49
SGD, 1, -1, 1, -1, 128, 128, 128, 128, 0.2, 0.002, 0.002, 12.5, 12.5, 10, 10, 1, 125, 1, 1, 0, 57, 93.11
SGD, 1, -1, 1, -1, 128, 128, 128, 128, 0.2, 0.002, 0.002, 12.5, 12.5, 10, 10, 1, 125, 1, 1, 0, 58, 93.38
SGD, 1, -1, 1, -1, 128, 128, 128, 128, 0.2, 0.002, 0.002, 12.5, 12.5, 10, 10, 1, 125, 1, 1, 0, 59, 93.73
SGD, 1, -1, 1, -1, 128, 128, 128, 128, 0.2, 0.002, 0.002, 12.5, 12.5, 10, 10, 1, 125, 1, 1, 0, 60, 93.72
SGD, 1, -1, 1, -1, 128, 128, 128, 128, 0.2, 0.002, 0.002, 12.5, 12.5, 10, 10, 1, 125, 1, 1, 0, 61, 93.27
SGD, 1, -1, 1, -1, 128, 128, 128, 128, 0.2, 0.002, 0.002, 12.5, 12.5, 10, 10, 1, 125, 1, 1, 0, 62, 93.6
SGD, 1, -1, 1, -1, 128, 128, 128, 128, 0.2, 0.002, 0.002, 12.5, 12.5, 10, 10, 1, 125, 1, 1, 0, 63, 93.13
SGD, 1, -1, 1, -1, 128, 128, 128, 128, 0.2, 0.002, 0.002, 12.5, 12.5, 10, 10, 1, 125, 1, 1, 0, 64, 92.7
SGD, 1, -1, 1, -1, 128, 128, 128, 128, 0.2, 0.002, 0.002, 12.5, 12.5, 10, 10, 1, 125, 1, 1, 0, 65, 91.9
SGD, 1, -1, 1, -1, 128, 128, 128, 128, 0.2, 0.002, 0.002, 12.5, 12.5, 10, 10, 1, 125, 1, 1, 0, 66, 93.69
SGD, 1, -1, 1, -1, 128, 128, 128, 128, 0.2, 0.002, 0.002, 12.5, 12.5, 10, 10, 1, 125, 1, 1, 0, 67, 93.33
SGD, 1, -1, 1, -1, 128, 128, 128, 128, 0.2, 0.002, 0.002, 12.5, 12.5, 10, 10, 1, 125, 1, 1, 0, 68, 93.45
SGD, 1, -1, 1, -1, 128, 128, 128, 128, 0.2, 0.002, 0.002, 12.5, 12.5, 10, 10, 1, 125, 1, 1, 0, 69, 93.85
SGD, 1, -1, 1, -1, 128, 128, 128, 128, 0.2, 0.002, 0.002, 12.5, 12.5, 10, 10, 1, 125, 1, 1, 0, 70, 94.12
SGD, 1, -1, 1, -1, 128, 128, 128, 128, 0.2, 0.002, 0.002, 12.5, 12.5, 10, 10, 1, 125, 1, 1, 0, 71, 93.65
SGD, 1, -1, 1, -1, 128, 128, 128, 128, 0.2, 0.002, 0.002, 12.5, 12.5, 10, 10, 1, 125, 1, 1, 0, 72, 93.34
SGD, 1, -1, 1, -1, 128, 128, 128, 128, 0.2, 0.002, 0.002, 12.5, 12.5, 10, 10, 1, 125, 1, 1, 0, 73, 93.56
SGD, 1, -1, 1, -1, 128, 128, 128, 128, 0.2, 0.002, 0.002, 12.5, 12.5, 10, 10, 1, 125, 1, 1, 0, 74, 93.1
SGD, 1, -1, 1, -1, 128, 128, 128, 128, 0.2, 0.002, 0.002, 12.5, 12.5, 10, 10, 1, 125, 1, 1, 0, 75, 93.88
SGD, 1, -1, 1, -1, 128, 128, 128, 128, 0.2, 0.002, 0.002, 12.5, 12.5, 10, 10, 1, 125, 1, 1, 0, 76, 93.22
SGD, 1, -1, 1, -1, 128, 128, 128, 128, 0.2, 0.002, 0.002, 12.5, 12.5, 10, 10, 1, 125, 1, 1, 0, 77, 93.75
SGD, 1, -1, 1, -1, 128, 128, 128, 128, 0.2, 0.002, 0.002, 12.5, 12.5, 10, 10, 1, 125, 1, 1, 0, 78, 93.4
SGD, 1, -1, 1, -1, 128, 128, 128, 128, 0.2, 0.002, 0.002, 12.5, 12.5, 10, 10, 1, 125, 1, 1, 0, 79, 93.39
SGD, 1, -1, 1, -1, 128, 128, 128, 128, 0.2, 0.002, 0.002, 12.5, 12.5, 10, 10, 1, 125, 1, 1, 0, 80, 93.68
SGD, 1, -1, 1, -1, 128, 128, 128, 128, 0.2, 0.002, 0.002, 12.5, 12.5, 10, 10, 1, 125, 1, 1, 0, 81, 93.85
SGD, 1, -1, 1, -1, 128, 128, 128, 128, 0.2, 0.002, 0.002, 12.5, 12.5, 10, 10, 1, 125, 1, 1, 0, 82, 93.48
SGD, 1, -1, 1, -1, 128, 128, 128, 128, 0.2, 0.002, 0.002, 12.5, 12.5, 10, 10, 1, 125, 1, 1, 0, 83, 93.78
SGD, 1, -1, 1, -1, 128, 128, 128, 128, 0.2, 0.002, 0.002, 12.5, 12.5, 10, 10, 1, 125, 1, 1, 0, 84, 93.82
SGD, 1, -1, 1, -1, 128, 128, 128, 128, 0.2, 0.002, 0.002, 12.5, 12.5, 10, 10, 1, 125, 1, 1, 0, 85, 93.17
SGD, 1, -1, 1, -1, 128, 128, 128, 128, 0.2, 0.002, 0.002, 12.5, 12.5, 10, 10, 1, 125, 1, 1, 0, 86, 93.5
SGD, 1, -1, 1, -1, 128, 128, 128, 128, 0.2, 0.002, 0.002, 12.5, 12.5, 10, 10, 1, 125, 1, 1, 0, 87, 93.89
SGD, 1, -1, 1, -1, 128, 128, 128, 128, 0.2, 0.002, 0.002, 12.5, 12.5, 10, 10, 1, 125, 1, 1, 0, 88, 93.66
SGD, 1, -1, 1, -1, 128, 128, 128, 128, 0.2, 0.002, 0.002, 12.5, 12.5, 10, 10, 1, 125, 1, 1, 0, 89, 93.6
SGD, 1, -1, 1, -1, 128, 128, 128, 128, 0.2, 0.002, 0.002, 12.5, 12.5, 10, 10, 1, 125, 1, 1, 0, 90, 93.88
SGD, 1, -1, 1, -1, 128, 128, 128, 128, 0.2, 0.002, 0.002, 12.5, 12.5, 10, 10, 1, 125, 1, 1, 0, 91, 93.71
SGD, 1, -1, 1, -1, 128, 128, 128, 128, 0.2, 0.002, 0.002, 12.5, 12.5, 10, 10, 1, 125, 1, 1, 0, 92, 93.9
SGD, 1, -1, 1, -1, 128, 128, 128, 128, 0.2, 0.002, 0.002, 12.5, 12.5, 10, 10, 1, 125, 1, 1, 0, 93, 92.28
SGD, 1, -1, 1, -1, 128, 128, 128, 128, 0.2, 0.002, 0.002, 12.5, 12.5, 10, 10, 1, 125, 1, 1, 0, 94, 93.18
SGD, 1, -1, 1, -1, 128, 128, 128, 128, 0.2, 0.002, 0.002, 12.5, 12.5, 10, 10, 1, 125, 1, 1, 0, 95, 92.8
SGD, 1, -1, 1, -1, 128, 128, 128, 128, 0.2, 0.002, 0.002, 12.5, 12.5, 10, 10, 1, 125, 1, 1, 0, 96, 94.33
SGD, 1, -1, 1, -1, 128, 128, 128, 128, 0.2, 0.002, 0.002, 12.5, 12.5, 10, 10, 1, 125, 1, 1, 0, 97, 93.67
SGD, 1, -1, 1, -1, 128, 128, 128, 128, 0.2, 0.002, 0.002, 12.5, 12.5, 10, 10, 1, 125, 1, 1, 0, 98, 93.75
SGD, 1, -1, 1, -1, 128, 128, 128, 128, 0.2, 0.002, 0.002, 12.5, 12.5, 10, 10, 1, 125, 1, 1, 0, 99, 93.82
SGD, 1, -1, 1, -1, 128, 128, 128, 128, 0.2, 0.002, 0.002, 12.5, 12.5, 10, 10, 1, 125, 1, 1, 0, 100, 93.36
SGD, 1, -1, 1, -1, 128, 128, 128, 128, 0.2, 0.002, 0.002, 12.5, 12.5, 10, 10, 1, 125, 1, 1, 0, 101, 94.16
SGD, 1, -1, 1, -1, 128, 128, 128, 128, 0.2, 0.002, 0.002, 12.5, 12.5, 10, 10, 1, 125, 1, 1, 0, 102, 93.91
SGD, 1, -1, 1, -1, 128, 128, 128, 128, 0.2, 0.002, 0.002, 12.5, 12.5, 10, 10, 1, 125, 1, 1, 0, 103, 93.67
SGD, 1, -1, 1, -1, 128, 128, 128, 128, 0.2, 0.002, 0.002, 12.5, 12.5, 10, 10, 1, 125, 1, 1, 0, 104, 94.31
SGD, 1, -1, 1, -1, 128, 128, 128, 128, 0.2, 0.002, 0.002, 12.5, 12.5, 10, 10, 1, 125, 1, 1, 0, 105, 93.93
SGD, 1, -1, 1, -1, 128, 128, 128, 128, 0.2, 0.002, 0.002, 12.5, 12.5, 10, 10, 1, 125, 1, 1, 0, 106, 93.58
SGD, 1, -1, 1, -1, 128, 128, 128, 128, 0.2, 0.002, 0.002, 12.5, 12.5, 10, 10, 1, 125, 1, 1, 0, 107, 94.03
SGD, 1, -1, 1, -1, 128, 128, 128, 128, 0.2, 0.002, 0.002, 12.5, 12.5, 10, 10, 1, 125, 1, 1, 0, 108, 93.34
SGD, 1, -1, 1, -1, 128, 128, 128, 128, 0.2, 0.002, 0.002, 12.5, 12.5, 10, 10, 1, 125, 1, 1, 0, 109, 93.89
SGD, 1, -1, 1, -1, 128, 128, 128, 128, 0.2, 0.002, 0.002, 12.5, 12.5, 10, 10, 1, 125, 1, 1, 0, 110, 94.01
SGD, 1, -1, 1, -1, 128, 128, 128, 128, 0.2, 0.002, 0.002, 12.5, 12.5, 10, 10, 1, 125, 1, 1, 0, 111, 94.02
SGD, 1, -1, 1, -1, 128, 128, 128, 128, 0.2, 0.002, 0.002, 12.5, 12.5, 10, 10, 1, 125, 1, 1, 0, 112, 93.42
SGD, 1, -1, 1, -1, 128, 128, 128, 128, 0.2, 0.002, 0.002, 12.5, 12.5, 10, 10, 1, 125, 1, 1, 0, 113, 93.23
SGD, 1, -1, 1, -1, 128, 128, 128, 128, 0.2, 0.002, 0.002, 12.5, 12.5, 10, 10, 1, 125, 1, 1, 0, 114, 94.27
SGD, 1, -1, 1, -1, 128, 128, 128, 128, 0.2, 0.002, 0.002, 12.5, 12.5, 10, 10, 1, 125, 1, 1, 0, 115, 94.03
SGD, 1, -1, 1, -1, 128, 128, 128, 128, 0.2, 0.002, 0.002, 12.5, 12.5, 10, 10, 1, 125, 1, 1, 0, 116, 94.01
SGD, 1, -1, 1, -1, 128, 128, 128, 128, 0.2, 0.002, 0.002, 12.5, 12.5, 10, 10, 1, 125, 1, 1, 0, 117, 94.12
SGD, 1, -1, 1, -1, 128, 128, 128, 128, 0.2, 0.002, 0.002, 12.5, 12.5, 10, 10, 1, 125, 1, 1, 0, 118, 93.79
SGD, 1, -1, 1, -1, 128, 128, 128, 128, 0.2, 0.002, 0.002, 12.5, 12.5, 10, 10, 1, 125, 1, 1, 0, 119, 93.72
SGD, 1, -1, 1, -1, 128, 128, 128, 128, 0.2, 0.002, 0.002, 12.5, 12.5, 10, 10, 1, 125, 1, 1, 0, 120, 93.89
SGD, 1, -1, 1, -1, 128, 128, 128, 128, 0.2, 0.002, 0.002, 12.5, 12.5, 10, 10, 1, 125, 1, 1, 0, 121, 93.56
SGD, 1, -1, 1, -1, 128, 128, 128, 128, 0.2, 0.002, 0.002, 12.5, 12.5, 10, 10, 1, 125, 1, 1, 0, 122, 93.76
SGD, 1, -1, 1, -1, 128, 128, 128, 128, 0.2, 0.002, 0.002, 12.5, 12.5, 10, 10, 1, 125, 1, 1, 0, 123, 94.04
SGD, 1, -1, 1, -1, 128, 128, 128, 128, 0.2, 0.002, 0.002, 12.5, 12.5, 10, 10, 1, 125, 1, 1, 0, 124, 93.88
SGD, 1, -1, 1, -1, 128, 128, 128, 128, 0.2, 0.002, 0.002, 12.5, 12.5, 10, 10, 1, 125, 1, 1, 0, 125, 93.3
SGD, 1, -1, 1, -1, 128, 128, 128, 128, 0.2, 0.0022, 0.0022, 12.5, 12.5, 10, 10, 1, 125, 1, 1, 0, 1, 52.82
SGD, 1, -1, 1, -1, 128, 128, 128, 128, 0.2, 0.0022, 0.0022, 12.5, 12.5, 10, 10, 1, 125, 1, 1, 0, 2, 68.32
SGD, 1, -1, 1, -1, 128, 128, 128, 128, 0.2, 0.0022, 0.0022, 12.5, 12.5, 10, 10, 1, 125, 1, 1, 0, 3, 83.8
SGD, 1, -1, 1, -1, 128, 128, 128, 128, 0.2, 0.0022, 0.0022, 12.5, 12.5, 10, 10, 1, 125, 1, 1, 0, 4, 87.68
SGD, 1, -1, 1, -1, 128, 128, 128, 128, 0.2, 0.0022, 0.0022, 12.5, 12.5, 10, 10, 1, 125, 1, 1, 0, 5, 88.44
SGD, 1, -1, 1, -1, 128, 128, 128, 128, 0.2, 0.0022, 0.0022, 12.5, 12.5, 10, 10, 1, 125, 1, 1, 0, 6, 90.18
SGD, 1, -1, 1, -1, 128, 128, 128, 128, 0.2, 0.0022, 0.0022, 12.5, 12.5, 10, 10, 1, 125, 1, 1, 0, 7, 90.32
SGD, 1, -1, 1, -1, 128, 128, 128, 128, 0.2, 0.0022, 0.0022, 12.5, 12.5, 10, 10, 1, 125, 1, 1, 0, 8, 90.17
SGD, 1, -1, 1, -1, 128, 128, 128, 128, 0.2, 0.0022, 0.0022, 12.5, 12.5, 10, 10, 1, 125, 1, 1, 0, 9, 90.44
SGD, 1, -1, 1, -1, 128, 128, 128, 128, 0.2, 0.0022, 0.0022, 12.5, 12.5, 10, 10, 1, 125, 1, 1, 0, 10, 90.92
SGD, 1, -1, 1, -1, 128, 128, 128, 128, 0.2, 0.0022, 0.0022, 12.5, 12.5, 10, 10, 1, 125, 1, 1, 0, 11, 90.66
SGD, 1, -1, 1, -1, 128, 128, 128, 128, 0.2, 0.0022, 0.0022, 12.5, 12.5, 10, 10, 1, 125, 1, 1, 0, 12, 91.66
SGD, 1, -1, 1, -1, 128, 128, 128, 128, 0.2, 0.0022, 0.0022, 12.5, 12.5, 10, 10, 1, 125, 1, 1, 0, 13, 91.34
SGD, 1, -1, 1, -1, 128, 128, 128, 128, 0.2, 0.0022, 0.0022, 12.5, 12.5, 10, 10, 1, 125, 1, 1, 0, 14, 91.42
SGD, 1, -1, 1, -1, 128, 128, 128, 128, 0.2, 0.0022, 0.0022, 12.5, 12.5, 10, 10, 1, 125, 1, 1, 0, 15, 91.25
SGD, 1, -1, 1, -1, 128, 128, 128, 128, 0.2, 0.0022, 0.0022, 12.5, 12.5, 10, 10, 1, 125, 1, 1, 0, 16, 91.36
SGD, 1, -1, 1, -1, 128, 128, 128, 128, 0.2, 0.0022, 0.0022, 12.5, 12.5, 10, 10, 1, 125, 1, 1, 0, 17, 91.4
SGD, 1, -1, 1, -1, 128, 128, 128, 128, 0.2, 0.0022, 0.0022, 12.5, 12.5, 10, 10, 1, 125, 1, 1, 0, 18, 92.19
SGD, 1, -1, 1, -1, 128, 128, 128, 128, 0.2, 0.0022, 0.0022, 12.5, 12.5, 10, 10, 1, 125, 1, 1, 0, 19, 91.85
SGD, 1, -1, 1, -1, 128, 128, 128, 128, 0.2, 0.0022, 0.0022, 12.5, 12.5, 10, 10, 1, 125, 1, 1, 0, 20, 91.98
SGD, 1, -1, 1, -1, 128, 128, 128, 128, 0.2, 0.0022, 0.0022, 12.5, 12.5, 10, 10, 1, 125, 1, 1, 0, 21, 92.78
SGD, 1, -1, 1, -1, 128, 128, 128, 128, 0.2, 0.0022, 0.0022, 12.5, 12.5, 10, 10, 1, 125, 1, 1, 0, 22, 92.03
SGD, 1, -1, 1, -1, 128, 128, 128, 128, 0.2, 0.0022, 0.0022, 12.5, 12.5, 10, 10, 1, 125, 1, 1, 0, 23, 92.63
SGD, 1, -1, 1, -1, 128, 128, 128, 128, 0.2, 0.0022, 0.0022, 12.5, 12.5, 10, 10, 1, 125, 1, 1, 0, 24, 92.4
SGD, 1, -1, 1, -1, 128, 128, 128, 128, 0.2, 0.0022, 0.0022, 12.5, 12.5, 10, 10, 1, 125, 1, 1, 0, 25, 91.09
SGD, 1, -1, 1, -1, 128, 128, 128, 128, 0.2, 0.0022, 0.0022, 12.5, 12.5, 10, 10, 1, 125, 1, 1, 0, 26, 92.59
SGD, 1, -1, 1, -1, 128, 128, 128, 128, 0.2, 0.0022, 0.0022, 12.5, 12.5, 10, 10, 1, 125, 1, 1, 0, 27, 92.04
SGD, 1, -1, 1, -1, 128, 128, 128, 128, 0.2, 0.0022, 0.0022, 12.5, 12.5, 10, 10, 1, 125, 1, 1, 0, 28, 92.7
SGD, 1, -1, 1, -1, 128, 128, 128, 128, 0.2, 0.0022, 0.0022, 12.5, 12.5, 10, 10, 1, 125, 1, 1, 0, 29, 92.77
SGD, 1, -1, 1, -1, 128, 128, 128, 128, 0.2, 0.0022, 0.0022, 12.5, 12.5, 10, 10, 1, 125, 1, 1, 0, 30, 92.14
SGD, 1, -1, 1, -1, 128, 128, 128, 128, 0.2, 0.0022, 0.0022, 12.5, 12.5, 10, 10, 1, 125, 1, 1, 0, 31, 92.97
